-- MySQL dump 10.13  Distrib 8.0.28, for macos11 (x86_64)
--
-- Host: 8.219.71.251    Database: visa
-- ------------------------------------------------------
-- Server version	5.7.38-0ubuntu0.18.04.1

/*!40101 SET @OLD_CHARACTER_SET_CLIENT=@@CHARACTER_SET_CLIENT */;
/*!40101 SET @OLD_CHARACTER_SET_RESULTS=@@CHARACTER_SET_RESULTS */;
/*!40101 SET @OLD_COLLATION_CONNECTION=@@COLLATION_CONNECTION */;
/*!50503 SET NAMES utf8 */;
/*!40103 SET @OLD_TIME_ZONE=@@TIME_ZONE */;
/*!40103 SET TIME_ZONE='+00:00' */;
/*!40014 SET @OLD_UNIQUE_CHECKS=@@UNIQUE_CHECKS, UNIQUE_CHECKS=0 */;
/*!40014 SET @OLD_FOREIGN_KEY_CHECKS=@@FOREIGN_KEY_CHECKS, FOREIGN_KEY_CHECKS=0 */;
/*!40101 SET @OLD_SQL_MODE=@@SQL_MODE, SQL_MODE='NO_AUTO_VALUE_ON_ZERO' */;
/*!40111 SET @OLD_SQL_NOTES=@@SQL_NOTES, SQL_NOTES=0 */;

--
-- Table structure for table `activities`
--

DROP TABLE IF EXISTS `activities`;
/*!40101 SET @saved_cs_client     = @@character_set_client */;
/*!50503 SET character_set_client = utf8mb4 */;
CREATE TABLE `activities` (
  `id` char(36) COLLATE utf8mb4_unicode_ci NOT NULL,
  `user_id` char(36) COLLATE utf8mb4_unicode_ci NOT NULL,
  `reference` varchar(50) COLLATE utf8mb4_unicode_ci NOT NULL,
  `reference_id` char(36) COLLATE utf8mb4_unicode_ci NOT NULL,
  `note` text COLLATE utf8mb4_unicode_ci NOT NULL,
  `is_read` tinyint(1) NOT NULL,
  `created_by` char(36) COLLATE utf8mb4_unicode_ci DEFAULT NULL,
  `updated_by` char(36) COLLATE utf8mb4_unicode_ci DEFAULT NULL,
  `created_at` timestamp NULL DEFAULT NULL,
  `updated_at` timestamp NULL DEFAULT NULL,
  PRIMARY KEY (`id`) USING BTREE
) ENGINE=InnoDB DEFAULT CHARSET=utf8mb4 COLLATE=utf8mb4_unicode_ci ROW_FORMAT=DYNAMIC;
/*!40101 SET character_set_client = @saved_cs_client */;

--
-- Dumping data for table `activities`
--

LOCK TABLES `activities` WRITE;
/*!40000 ALTER TABLE `activities` DISABLE KEYS */;
INSERT INTO `activities` VALUES ('77435ad1-3fbe-4aba-b322-caa4d5407374','572003cd-0230-4534-b84d-eb2d9eab58a7','Visa Request','c578389b-f22a-43e7-97cd-dc65bdd4cb05','New Request in the Visa Request Module!',0,'05dc1eb4-783f-4492-90da-04f43f73a19d',NULL,'2022-05-08 14:37:57','2022-05-08 14:37:57');
/*!40000 ALTER TABLE `activities` ENABLE KEYS */;
UNLOCK TABLES;

--
-- Table structure for table `app_settings`
--

DROP TABLE IF EXISTS `app_settings`;
/*!40101 SET @saved_cs_client     = @@character_set_client */;
/*!50503 SET character_set_client = utf8mb4 */;
CREATE TABLE `app_settings` (
  `id` char(36) COLLATE utf8mb4_unicode_ci NOT NULL,
  `keyField` varchar(25) COLLATE utf8mb4_unicode_ci NOT NULL,
  `valueField` varchar(100) COLLATE utf8mb4_unicode_ci NOT NULL,
  `type` varchar(25) COLLATE utf8mb4_unicode_ci NOT NULL,
  `status` tinyint(4) NOT NULL,
  `created_by` char(36) COLLATE utf8mb4_unicode_ci DEFAULT NULL,
  `updated_by` char(36) COLLATE utf8mb4_unicode_ci DEFAULT NULL,
  `created_at` timestamp NULL DEFAULT NULL,
  `updated_at` timestamp NULL DEFAULT NULL,
  PRIMARY KEY (`id`) USING BTREE,
  KEY `app_settings_created_by_foreign` (`created_by`) USING BTREE,
  KEY `app_settings_updated_by_foreign` (`updated_by`) USING BTREE
) ENGINE=InnoDB DEFAULT CHARSET=utf8mb4 COLLATE=utf8mb4_unicode_ci ROW_FORMAT=DYNAMIC;
/*!40101 SET character_set_client = @saved_cs_client */;

--
-- Dumping data for table `app_settings`
--

LOCK TABLES `app_settings` WRITE;
/*!40000 ALTER TABLE `app_settings` DISABLE KEYS */;
INSERT INTO `app_settings` VALUES ('21a6bee5-2df3-47ec-9553-42d62613effd','App.Favico','assets/img/app-settings/App_Favico_maxx-logo-only-80x80.png','image',0,NULL,NULL,NULL,'2022-04-22 14:53:31'),('44dawc5d-113c-4cdc-871c-6c5bd7a24af8','App.Login.Cover','assets/img/app-settings/App_Login_Cover_base_app-removebg-preview.png','image',0,NULL,NULL,NULL,'2022-04-11 18:59:25'),('5778eeda-5044-4f93-85ba-f242e0857898','App.Logo.Login','assets/img/app-settings/App_Logo_Login_base app.PNG','image',0,NULL,NULL,NULL,'2022-05-06 08:40:56'),('5878d7f5-d473-4f43-b676-2ab542feecec','App.Logo','assets/img/app-settings/App_Logo_maxxs-h-logo-colour-text-white-rev.png','image',0,NULL,NULL,NULL,'2022-04-22 14:53:31'),('5fb7e9ea-73a4-4b20-abed-19e06c18966d','App.Name','Base App','text',0,NULL,NULL,NULL,'2022-05-06 08:40:56'),('7aecf028-cf68-41d0-a486-6bd67e4082eb','App.Description','Description Base App','textarea',0,NULL,NULL,NULL,'2022-05-06 08:40:56');
/*!40000 ALTER TABLE `app_settings` ENABLE KEYS */;
UNLOCK TABLES;

--
-- Table structure for table `branches`
--

DROP TABLE IF EXISTS `branches`;
/*!40101 SET @saved_cs_client     = @@character_set_client */;
/*!50503 SET character_set_client = utf8mb4 */;
CREATE TABLE `branches` (
  `id` char(36) COLLATE utf8mb4_unicode_ci NOT NULL,
  `name` varchar(50) COLLATE utf8mb4_unicode_ci NOT NULL,
  `address_name` varchar(50) COLLATE utf8mb4_unicode_ci NOT NULL,
  `address_street` varchar(50) COLLATE utf8mb4_unicode_ci NOT NULL,
  `country_id` char(36) COLLATE utf8mb4_unicode_ci NOT NULL,
  `state_id` char(36) COLLATE utf8mb4_unicode_ci NOT NULL,
  `city_id` char(36) COLLATE utf8mb4_unicode_ci NOT NULL,
  `zipcode` varchar(5) COLLATE utf8mb4_unicode_ci NOT NULL,
  `email` varchar(100) COLLATE utf8mb4_unicode_ci NOT NULL,
  `telephone` varchar(30) COLLATE utf8mb4_unicode_ci NOT NULL,
  `created_by` char(36) COLLATE utf8mb4_unicode_ci DEFAULT NULL,
  `updated_by` char(36) COLLATE utf8mb4_unicode_ci DEFAULT NULL,
  `created_at` timestamp NULL DEFAULT NULL,
  `updated_at` timestamp NULL DEFAULT NULL,
  PRIMARY KEY (`id`) USING BTREE
) ENGINE=InnoDB DEFAULT CHARSET=utf8mb4 COLLATE=utf8mb4_unicode_ci ROW_FORMAT=DYNAMIC;
/*!40101 SET character_set_client = @saved_cs_client */;

--
-- Dumping data for table `branches`
--

LOCK TABLES `branches` WRITE;
/*!40000 ALTER TABLE `branches` DISABLE KEYS */;
INSERT INTO `branches` VALUES ('7ff51282-b76a-407b-921f-edf584386763','Contoh 1','Contoh','Alamat','00546f36-cc77-11ec-a127-00163e08598c','005ed0d1-cc77-11ec-a127-00163e08598c','00906640-cc77-11ec-a127-00163e08598c','123','email@gmail.com','021-1233-2231','572003cd-0230-4534-b84d-eb2d9eab58a7','572003cd-0230-4534-b84d-eb2d9eab58a7','2022-04-22 16:16:00','2022-05-06 09:05:21');
/*!40000 ALTER TABLE `branches` ENABLE KEYS */;
UNLOCK TABLES;

--
-- Table structure for table `cities`
--

DROP TABLE IF EXISTS `cities`;
/*!40101 SET @saved_cs_client     = @@character_set_client */;
/*!50503 SET character_set_client = utf8mb4 */;
CREATE TABLE `cities` (
  `id` char(36) COLLATE utf8mb4_unicode_ci NOT NULL,
  `state_id` char(36) COLLATE utf8mb4_unicode_ci NOT NULL,
  `name` varchar(255) COLLATE utf8mb4_unicode_ci NOT NULL,
  `created_by` char(36) COLLATE utf8mb4_unicode_ci DEFAULT NULL,
  `updated_by` char(36) COLLATE utf8mb4_unicode_ci DEFAULT NULL,
  `created_at` timestamp NULL DEFAULT NULL,
  `updated_at` timestamp NULL DEFAULT NULL,
  PRIMARY KEY (`id`) USING BTREE
) ENGINE=InnoDB DEFAULT CHARSET=utf8mb4 COLLATE=utf8mb4_unicode_ci ROW_FORMAT=DYNAMIC;
/*!40101 SET character_set_client = @saved_cs_client */;

--
-- Dumping data for table `cities`
--

LOCK TABLES `cities` WRITE;
/*!40000 ALTER TABLE `cities` DISABLE KEYS */;
INSERT INTO `cities` VALUES ('006cba63-cc77-11ec-a127-00163e08598c','005ed0d1-cc77-11ec-a127-00163e08598c','Kabupaten Aceh Barat','05dc1eb4-783f-4492-90da-04f43f73a19d','05dc1eb4-783f-4492-90da-04f43f73a19d','2022-05-05 13:26:42','2022-05-05 13:26:42'),('00708396-cc77-11ec-a127-00163e08598c','005ed0d1-cc77-11ec-a127-00163e08598c','Kabupaten Aceh Barat Daya','05dc1eb4-783f-4492-90da-04f43f73a19d','05dc1eb4-783f-4492-90da-04f43f73a19d','2022-05-05 13:26:42','2022-05-05 13:26:42'),('0074a01c-cc77-11ec-a127-00163e08598c','005ed0d1-cc77-11ec-a127-00163e08598c','Kabupaten Aceh Besar','05dc1eb4-783f-4492-90da-04f43f73a19d','05dc1eb4-783f-4492-90da-04f43f73a19d','2022-05-05 13:26:42','2022-05-05 13:26:42'),('00784bfe-cc77-11ec-a127-00163e08598c','005ed0d1-cc77-11ec-a127-00163e08598c','Kabupaten Aceh Jaya','05dc1eb4-783f-4492-90da-04f43f73a19d','05dc1eb4-783f-4492-90da-04f43f73a19d','2022-05-05 13:26:42','2022-05-05 13:26:42'),('007c9160-cc77-11ec-a127-00163e08598c','005ed0d1-cc77-11ec-a127-00163e08598c','Kabupaten Aceh Selatan','05dc1eb4-783f-4492-90da-04f43f73a19d','05dc1eb4-783f-4492-90da-04f43f73a19d','2022-05-05 13:26:42','2022-05-05 13:26:42'),('0080ae9e-cc77-11ec-a127-00163e08598c','005ed0d1-cc77-11ec-a127-00163e08598c','Kabupaten Aceh Singkil','05dc1eb4-783f-4492-90da-04f43f73a19d','05dc1eb4-783f-4492-90da-04f43f73a19d','2022-05-05 13:26:42','2022-05-05 13:26:42'),('00845a0b-cc77-11ec-a127-00163e08598c','005ed0d1-cc77-11ec-a127-00163e08598c','Kabupaten Aceh Tamiang','05dc1eb4-783f-4492-90da-04f43f73a19d','05dc1eb4-783f-4492-90da-04f43f73a19d','2022-05-05 13:26:42','2022-05-05 13:26:42'),('008878c9-cc77-11ec-a127-00163e08598c','005ed0d1-cc77-11ec-a127-00163e08598c','Kabupaten Aceh Tengah','05dc1eb4-783f-4492-90da-04f43f73a19d','05dc1eb4-783f-4492-90da-04f43f73a19d','2022-05-05 13:26:42','2022-05-05 13:26:42'),('008c96e9-cc77-11ec-a127-00163e08598c','005ed0d1-cc77-11ec-a127-00163e08598c','Kabupaten Aceh Tenggara','05dc1eb4-783f-4492-90da-04f43f73a19d','05dc1eb4-783f-4492-90da-04f43f73a19d','2022-05-05 13:26:42','2022-05-05 13:26:42'),('00906640-cc77-11ec-a127-00163e08598c','005ed0d1-cc77-11ec-a127-00163e08598c','Kabupaten Aceh Timur','05dc1eb4-783f-4492-90da-04f43f73a19d','05dc1eb4-783f-4492-90da-04f43f73a19d','2022-05-05 13:26:42','2022-05-05 13:26:42'),('0094ac1e-cc77-11ec-a127-00163e08598c','005ed0d1-cc77-11ec-a127-00163e08598c','Kabupaten Aceh Utara','05dc1eb4-783f-4492-90da-04f43f73a19d','05dc1eb4-783f-4492-90da-04f43f73a19d','2022-05-05 13:26:42','2022-05-05 13:26:42'),('00991a1f-cc77-11ec-a127-00163e08598c','005ed0d1-cc77-11ec-a127-00163e08598c','Kabupaten Bener Meriah','05dc1eb4-783f-4492-90da-04f43f73a19d','05dc1eb4-783f-4492-90da-04f43f73a19d','2022-05-05 13:26:42','2022-05-05 13:26:42'),('009d1390-cc77-11ec-a127-00163e08598c','005ed0d1-cc77-11ec-a127-00163e08598c','Kabupaten Bireuen','05dc1eb4-783f-4492-90da-04f43f73a19d','05dc1eb4-783f-4492-90da-04f43f73a19d','2022-05-05 13:26:42','2022-05-05 13:26:42'),('00a10724-cc77-11ec-a127-00163e08598c','005ed0d1-cc77-11ec-a127-00163e08598c','Kabupaten Gayo Lues','05dc1eb4-783f-4492-90da-04f43f73a19d','05dc1eb4-783f-4492-90da-04f43f73a19d','2022-05-05 13:26:42','2022-05-05 13:26:42'),('00a52472-cc77-11ec-a127-00163e08598c','005ed0d1-cc77-11ec-a127-00163e08598c','Kabupaten Nagan Raya','05dc1eb4-783f-4492-90da-04f43f73a19d','05dc1eb4-783f-4492-90da-04f43f73a19d','2022-05-05 13:26:42','2022-05-05 13:26:42'),('00a9ba17-cc77-11ec-a127-00163e08598c','005ed0d1-cc77-11ec-a127-00163e08598c','Kabupaten Pidie','05dc1eb4-783f-4492-90da-04f43f73a19d','05dc1eb4-783f-4492-90da-04f43f73a19d','2022-05-05 13:26:42','2022-05-05 13:26:42'),('00ad8b78-cc77-11ec-a127-00163e08598c','005ed0d1-cc77-11ec-a127-00163e08598c','Kabupaten Pidie Jaya','05dc1eb4-783f-4492-90da-04f43f73a19d','05dc1eb4-783f-4492-90da-04f43f73a19d','2022-05-05 13:26:42','2022-05-05 13:26:42'),('00b1f7a0-cc77-11ec-a127-00163e08598c','005ed0d1-cc77-11ec-a127-00163e08598c','Kabupaten Simeulue','05dc1eb4-783f-4492-90da-04f43f73a19d','05dc1eb4-783f-4492-90da-04f43f73a19d','2022-05-05 13:26:42','2022-05-05 13:26:42'),('00b74fbe-cc77-11ec-a127-00163e08598c','005ed0d1-cc77-11ec-a127-00163e08598c','Kota Banda Aceh','05dc1eb4-783f-4492-90da-04f43f73a19d','05dc1eb4-783f-4492-90da-04f43f73a19d','2022-05-05 13:26:42','2022-05-05 13:26:42'),('00bbe4ec-cc77-11ec-a127-00163e08598c','005ed0d1-cc77-11ec-a127-00163e08598c','Kota Langsa','05dc1eb4-783f-4492-90da-04f43f73a19d','05dc1eb4-783f-4492-90da-04f43f73a19d','2022-05-05 13:26:42','2022-05-05 13:26:42'),('00bfb768-cc77-11ec-a127-00163e08598c','005ed0d1-cc77-11ec-a127-00163e08598c','Kota Lhokseumawe','05dc1eb4-783f-4492-90da-04f43f73a19d','05dc1eb4-783f-4492-90da-04f43f73a19d','2022-05-05 13:26:42','2022-05-05 13:26:42'),('00c3fa22-cc77-11ec-a127-00163e08598c','005ed0d1-cc77-11ec-a127-00163e08598c','Kota Sabang','05dc1eb4-783f-4492-90da-04f43f73a19d','05dc1eb4-783f-4492-90da-04f43f73a19d','2022-05-05 13:26:42','2022-05-05 13:26:42'),('00c9c388-cc77-11ec-a127-00163e08598c','005ed0d1-cc77-11ec-a127-00163e08598c','Kota Subulussalam','05dc1eb4-783f-4492-90da-04f43f73a19d','05dc1eb4-783f-4492-90da-04f43f73a19d','2022-05-05 13:26:42','2022-05-05 13:26:42'),('00d78160-cc77-11ec-a127-00163e08598c','00ce7c23-cc77-11ec-a127-00163e08598c','Kabupaten Badung','05dc1eb4-783f-4492-90da-04f43f73a19d','05dc1eb4-783f-4492-90da-04f43f73a19d','2022-05-05 13:26:42','2022-05-05 13:26:42'),('00dcdaa6-cc77-11ec-a127-00163e08598c','00ce7c23-cc77-11ec-a127-00163e08598c','Kabupaten Bangli','05dc1eb4-783f-4492-90da-04f43f73a19d','05dc1eb4-783f-4492-90da-04f43f73a19d','2022-05-05 13:26:42','2022-05-05 13:26:42'),('00e208c5-cc77-11ec-a127-00163e08598c','00ce7c23-cc77-11ec-a127-00163e08598c','Kabupaten Buleleng','05dc1eb4-783f-4492-90da-04f43f73a19d','05dc1eb4-783f-4492-90da-04f43f73a19d','2022-05-05 13:26:42','2022-05-05 13:26:42'),('00e69c14-cc77-11ec-a127-00163e08598c','00ce7c23-cc77-11ec-a127-00163e08598c','Kabupaten Gianyar','05dc1eb4-783f-4492-90da-04f43f73a19d','05dc1eb4-783f-4492-90da-04f43f73a19d','2022-05-05 13:26:42','2022-05-05 13:26:42'),('00ea6deb-cc77-11ec-a127-00163e08598c','00ce7c23-cc77-11ec-a127-00163e08598c','Kabupaten Jembrana','05dc1eb4-783f-4492-90da-04f43f73a19d','05dc1eb4-783f-4492-90da-04f43f73a19d','2022-05-05 13:26:43','2022-05-05 13:26:43'),('00ef509b-cc77-11ec-a127-00163e08598c','00ce7c23-cc77-11ec-a127-00163e08598c','Kabupaten Karangasem','05dc1eb4-783f-4492-90da-04f43f73a19d','05dc1eb4-783f-4492-90da-04f43f73a19d','2022-05-05 13:26:43','2022-05-05 13:26:43'),('00f3be30-cc77-11ec-a127-00163e08598c','00ce7c23-cc77-11ec-a127-00163e08598c','Kabupaten Klungkung','05dc1eb4-783f-4492-90da-04f43f73a19d','05dc1eb4-783f-4492-90da-04f43f73a19d','2022-05-05 13:26:43','2022-05-05 13:26:43'),('00f962ca-cc77-11ec-a127-00163e08598c','00ce7c23-cc77-11ec-a127-00163e08598c','Kabupaten Tabanan','05dc1eb4-783f-4492-90da-04f43f73a19d','05dc1eb4-783f-4492-90da-04f43f73a19d','2022-05-05 13:26:43','2022-05-05 13:26:43'),('00fdce08-cc77-11ec-a127-00163e08598c','00ce7c23-cc77-11ec-a127-00163e08598c','Kota Denpasar','05dc1eb4-783f-4492-90da-04f43f73a19d','05dc1eb4-783f-4492-90da-04f43f73a19d','2022-05-05 13:26:43','2022-05-05 13:26:43'),('01096a8e-cc77-11ec-a127-00163e08598c','0101c31a-cc77-11ec-a127-00163e08598c','Kabupaten Lebak','05dc1eb4-783f-4492-90da-04f43f73a19d','05dc1eb4-783f-4492-90da-04f43f73a19d','2022-05-05 13:26:43','2022-05-05 13:26:43'),('010e96d5-cc77-11ec-a127-00163e08598c','0101c31a-cc77-11ec-a127-00163e08598c','Kabupaten Pandeglang','05dc1eb4-783f-4492-90da-04f43f73a19d','05dc1eb4-783f-4492-90da-04f43f73a19d','2022-05-05 13:26:43','2022-05-05 13:26:43'),('0114d848-cc77-11ec-a127-00163e08598c','0101c31a-cc77-11ec-a127-00163e08598c','Kabupaten Serang','05dc1eb4-783f-4492-90da-04f43f73a19d','05dc1eb4-783f-4492-90da-04f43f73a19d','2022-05-05 13:26:43','2022-05-05 13:26:43'),('011a2fe6-cc77-11ec-a127-00163e08598c','0101c31a-cc77-11ec-a127-00163e08598c','Kabupaten Tangerang','05dc1eb4-783f-4492-90da-04f43f73a19d','05dc1eb4-783f-4492-90da-04f43f73a19d','2022-05-05 13:26:43','2022-05-05 13:26:43'),('011fad7f-cc77-11ec-a127-00163e08598c','0101c31a-cc77-11ec-a127-00163e08598c','Kota Cilegon','05dc1eb4-783f-4492-90da-04f43f73a19d','05dc1eb4-783f-4492-90da-04f43f73a19d','2022-05-05 13:26:43','2022-05-05 13:26:43'),('0123f267-cc77-11ec-a127-00163e08598c','0101c31a-cc77-11ec-a127-00163e08598c','Kota Serang','05dc1eb4-783f-4492-90da-04f43f73a19d','05dc1eb4-783f-4492-90da-04f43f73a19d','2022-05-05 13:26:43','2022-05-05 13:26:43'),('0128fd2b-cc77-11ec-a127-00163e08598c','0101c31a-cc77-11ec-a127-00163e08598c','Kota Tangerang','05dc1eb4-783f-4492-90da-04f43f73a19d','05dc1eb4-783f-4492-90da-04f43f73a19d','2022-05-05 13:26:43','2022-05-05 13:26:43'),('012e0568-cc77-11ec-a127-00163e08598c','0101c31a-cc77-11ec-a127-00163e08598c','Kota Tangerang Selatan','05dc1eb4-783f-4492-90da-04f43f73a19d','05dc1eb4-783f-4492-90da-04f43f73a19d','2022-05-05 13:26:43','2022-05-05 13:26:43'),('013c38e8-cc77-11ec-a127-00163e08598c','01326e56-cc77-11ec-a127-00163e08598c','Kabupaten Bengkulu Selatan','05dc1eb4-783f-4492-90da-04f43f73a19d','05dc1eb4-783f-4492-90da-04f43f73a19d','2022-05-05 13:26:43','2022-05-05 13:26:43'),('01400883-cc77-11ec-a127-00163e08598c','01326e56-cc77-11ec-a127-00163e08598c','Kabupaten Bengkulu Tengah','05dc1eb4-783f-4492-90da-04f43f73a19d','05dc1eb4-783f-4492-90da-04f43f73a19d','2022-05-05 13:26:43','2022-05-05 13:26:43'),('01451178-cc77-11ec-a127-00163e08598c','01326e56-cc77-11ec-a127-00163e08598c','Kabupaten Bengkulu Utara','05dc1eb4-783f-4492-90da-04f43f73a19d','05dc1eb4-783f-4492-90da-04f43f73a19d','2022-05-05 13:26:43','2022-05-05 13:26:43'),('014b28b3-cc77-11ec-a127-00163e08598c','01326e56-cc77-11ec-a127-00163e08598c','Kabupaten Kaur','05dc1eb4-783f-4492-90da-04f43f73a19d','05dc1eb4-783f-4492-90da-04f43f73a19d','2022-05-05 13:26:43','2022-05-05 13:26:43'),('014fc25c-cc77-11ec-a127-00163e08598c','01326e56-cc77-11ec-a127-00163e08598c','Kabupaten Kepahiang','05dc1eb4-783f-4492-90da-04f43f73a19d','05dc1eb4-783f-4492-90da-04f43f73a19d','2022-05-05 13:26:43','2022-05-05 13:26:43'),('01542dee-cc77-11ec-a127-00163e08598c','01326e56-cc77-11ec-a127-00163e08598c','Kabupaten Lebong','05dc1eb4-783f-4492-90da-04f43f73a19d','05dc1eb4-783f-4492-90da-04f43f73a19d','2022-05-05 13:26:43','2022-05-05 13:26:43'),('01582625-cc77-11ec-a127-00163e08598c','01326e56-cc77-11ec-a127-00163e08598c','Kabupaten Mukomuko','05dc1eb4-783f-4492-90da-04f43f73a19d','05dc1eb4-783f-4492-90da-04f43f73a19d','2022-05-05 13:26:43','2022-05-05 13:26:43'),('0164d994-cc77-11ec-a127-00163e08598c','01326e56-cc77-11ec-a127-00163e08598c','Kabupaten Rejang Lebong','05dc1eb4-783f-4492-90da-04f43f73a19d','05dc1eb4-783f-4492-90da-04f43f73a19d','2022-05-05 13:26:43','2022-05-05 13:26:43'),('01689b90-cc77-11ec-a127-00163e08598c','01326e56-cc77-11ec-a127-00163e08598c','Kabupaten Seluma','05dc1eb4-783f-4492-90da-04f43f73a19d','05dc1eb4-783f-4492-90da-04f43f73a19d','2022-05-05 13:26:43','2022-05-05 13:26:43'),('016c6dbe-cc77-11ec-a127-00163e08598c','01326e56-cc77-11ec-a127-00163e08598c','Kota Bengkulu','05dc1eb4-783f-4492-90da-04f43f73a19d','05dc1eb4-783f-4492-90da-04f43f73a19d','2022-05-05 13:26:43','2022-05-05 13:26:43'),('0177b875-cc77-11ec-a127-00163e08598c','01708a38-cc77-11ec-a127-00163e08598c','Kabupaten Bantul','05dc1eb4-783f-4492-90da-04f43f73a19d','05dc1eb4-783f-4492-90da-04f43f73a19d','2022-05-05 13:26:43','2022-05-05 13:26:43'),('017b890c-cc77-11ec-a127-00163e08598c','01708a38-cc77-11ec-a127-00163e08598c','Kabupaten Gunungkidul','05dc1eb4-783f-4492-90da-04f43f73a19d','05dc1eb4-783f-4492-90da-04f43f73a19d','2022-05-05 13:26:43','2022-05-05 13:26:43'),('017f361f-cc77-11ec-a127-00163e08598c','01708a38-cc77-11ec-a127-00163e08598c','Kabupaten Kulon Progo','05dc1eb4-783f-4492-90da-04f43f73a19d','05dc1eb4-783f-4492-90da-04f43f73a19d','2022-05-05 13:26:43','2022-05-05 13:26:43'),('01830558-cc77-11ec-a127-00163e08598c','01708a38-cc77-11ec-a127-00163e08598c','Kabupaten Sleman','05dc1eb4-783f-4492-90da-04f43f73a19d','05dc1eb4-783f-4492-90da-04f43f73a19d','2022-05-05 13:26:44','2022-05-05 13:26:44'),('0186d2d2-cc77-11ec-a127-00163e08598c','01708a38-cc77-11ec-a127-00163e08598c','Kota Yogyakarta','05dc1eb4-783f-4492-90da-04f43f73a19d','05dc1eb4-783f-4492-90da-04f43f73a19d','2022-05-05 13:26:44','2022-05-05 13:26:44'),('01921ce1-cc77-11ec-a127-00163e08598c','018aa4d0-cc77-11ec-a127-00163e08598c','Kabupaten Kepulauan Seribu','05dc1eb4-783f-4492-90da-04f43f73a19d','05dc1eb4-783f-4492-90da-04f43f73a19d','2022-05-05 13:26:44','2022-05-05 13:26:44'),('01963cc5-cc77-11ec-a127-00163e08598c','018aa4d0-cc77-11ec-a127-00163e08598c','Kota Jakarta Barat','05dc1eb4-783f-4492-90da-04f43f73a19d','05dc1eb4-783f-4492-90da-04f43f73a19d','2022-05-05 13:26:44','2022-05-05 13:26:44'),('019a39e6-cc77-11ec-a127-00163e08598c','018aa4d0-cc77-11ec-a127-00163e08598c','Kota Jakarta Pusat','05dc1eb4-783f-4492-90da-04f43f73a19d','05dc1eb4-783f-4492-90da-04f43f73a19d','2022-05-05 13:26:44','2022-05-05 13:26:44'),('019e03ac-cc77-11ec-a127-00163e08598c','018aa4d0-cc77-11ec-a127-00163e08598c','Kota Jakarta Selatan','05dc1eb4-783f-4492-90da-04f43f73a19d','05dc1eb4-783f-4492-90da-04f43f73a19d','2022-05-05 13:26:44','2022-05-05 13:26:44'),('01a1ae32-cc77-11ec-a127-00163e08598c','018aa4d0-cc77-11ec-a127-00163e08598c','Kota Jakarta Timur','05dc1eb4-783f-4492-90da-04f43f73a19d','05dc1eb4-783f-4492-90da-04f43f73a19d','2022-05-05 13:26:44','2022-05-05 13:26:44'),('01a5ccf2-cc77-11ec-a127-00163e08598c','018aa4d0-cc77-11ec-a127-00163e08598c','Kota Jakarta Utara','05dc1eb4-783f-4492-90da-04f43f73a19d','05dc1eb4-783f-4492-90da-04f43f73a19d','2022-05-05 13:26:44','2022-05-05 13:26:44'),('01b0f1e2-cc77-11ec-a127-00163e08598c','01a99bd6-cc77-11ec-a127-00163e08598c','Kabupaten Boalemo','05dc1eb4-783f-4492-90da-04f43f73a19d','05dc1eb4-783f-4492-90da-04f43f73a19d','2022-05-05 13:26:44','2022-05-05 13:26:44'),('01b4c21d-cc77-11ec-a127-00163e08598c','01a99bd6-cc77-11ec-a127-00163e08598c','Kabupaten Bone Bolango','05dc1eb4-783f-4492-90da-04f43f73a19d','05dc1eb4-783f-4492-90da-04f43f73a19d','2022-05-05 13:26:44','2022-05-05 13:26:44'),('01b86bb6-cc77-11ec-a127-00163e08598c','01a99bd6-cc77-11ec-a127-00163e08598c','Kabupaten Gorontalo','05dc1eb4-783f-4492-90da-04f43f73a19d','05dc1eb4-783f-4492-90da-04f43f73a19d','2022-05-05 13:26:44','2022-05-05 13:26:44'),('01bc3ba0-cc77-11ec-a127-00163e08598c','01a99bd6-cc77-11ec-a127-00163e08598c','Kabupaten Gorontalo Utara','05dc1eb4-783f-4492-90da-04f43f73a19d','05dc1eb4-783f-4492-90da-04f43f73a19d','2022-05-05 13:26:44','2022-05-05 13:26:44'),('01c0111c-cc77-11ec-a127-00163e08598c','01a99bd6-cc77-11ec-a127-00163e08598c','Kabupaten Pohuwato','05dc1eb4-783f-4492-90da-04f43f73a19d','05dc1eb4-783f-4492-90da-04f43f73a19d','2022-05-05 13:26:44','2022-05-05 13:26:44'),('01c3def2-cc77-11ec-a127-00163e08598c','01a99bd6-cc77-11ec-a127-00163e08598c','Kota Gorontalo','05dc1eb4-783f-4492-90da-04f43f73a19d','05dc1eb4-783f-4492-90da-04f43f73a19d','2022-05-05 13:26:44','2022-05-05 13:26:44'),('01cf4be5-cc77-11ec-a127-00163e08598c','01c7cf9e-cc77-11ec-a127-00163e08598c','Kabupaten Batanghari','05dc1eb4-783f-4492-90da-04f43f73a19d','05dc1eb4-783f-4492-90da-04f43f73a19d','2022-05-05 13:26:44','2022-05-05 13:26:44'),('01d3e195-cc77-11ec-a127-00163e08598c','01c7cf9e-cc77-11ec-a127-00163e08598c','Kabupaten Bungo','05dc1eb4-783f-4492-90da-04f43f73a19d','05dc1eb4-783f-4492-90da-04f43f73a19d','2022-05-05 13:26:44','2022-05-05 13:26:44'),('01d78b26-cc77-11ec-a127-00163e08598c','01c7cf9e-cc77-11ec-a127-00163e08598c','Kabupaten Kerinci','05dc1eb4-783f-4492-90da-04f43f73a19d','05dc1eb4-783f-4492-90da-04f43f73a19d','2022-05-05 13:26:44','2022-05-05 13:26:44'),('01db5cc7-cc77-11ec-a127-00163e08598c','01c7cf9e-cc77-11ec-a127-00163e08598c','Kabupaten Merangin','05dc1eb4-783f-4492-90da-04f43f73a19d','05dc1eb4-783f-4492-90da-04f43f73a19d','2022-05-05 13:26:44','2022-05-05 13:26:44'),('01df2b23-cc77-11ec-a127-00163e08598c','01c7cf9e-cc77-11ec-a127-00163e08598c','Kabupaten Muaro Jambi','05dc1eb4-783f-4492-90da-04f43f73a19d','05dc1eb4-783f-4492-90da-04f43f73a19d','2022-05-05 13:26:44','2022-05-05 13:26:44'),('01e2fd42-cc77-11ec-a127-00163e08598c','01c7cf9e-cc77-11ec-a127-00163e08598c','Kabupaten Sarolangun','05dc1eb4-783f-4492-90da-04f43f73a19d','05dc1eb4-783f-4492-90da-04f43f73a19d','2022-05-05 13:26:44','2022-05-05 13:26:44'),('01e6cf33-cc77-11ec-a127-00163e08598c','01c7cf9e-cc77-11ec-a127-00163e08598c','Kabupaten Tanjung Jabung Barat','05dc1eb4-783f-4492-90da-04f43f73a19d','05dc1eb4-783f-4492-90da-04f43f73a19d','2022-05-05 13:26:44','2022-05-05 13:26:44'),('01ea9e80-cc77-11ec-a127-00163e08598c','01c7cf9e-cc77-11ec-a127-00163e08598c','Kabupaten Tanjung Jabung Timur','05dc1eb4-783f-4492-90da-04f43f73a19d','05dc1eb4-783f-4492-90da-04f43f73a19d','2022-05-05 13:26:44','2022-05-05 13:26:44'),('01ee717d-cc77-11ec-a127-00163e08598c','01c7cf9e-cc77-11ec-a127-00163e08598c','Kabupaten Tebo','05dc1eb4-783f-4492-90da-04f43f73a19d','05dc1eb4-783f-4492-90da-04f43f73a19d','2022-05-05 13:26:44','2022-05-05 13:26:44'),('01f30530-cc77-11ec-a127-00163e08598c','01c7cf9e-cc77-11ec-a127-00163e08598c','Kota Jambi','05dc1eb4-783f-4492-90da-04f43f73a19d','05dc1eb4-783f-4492-90da-04f43f73a19d','2022-05-05 13:26:44','2022-05-05 13:26:44'),('01f6d48d-cc77-11ec-a127-00163e08598c','01c7cf9e-cc77-11ec-a127-00163e08598c','Kota Sungai Penuh','05dc1eb4-783f-4492-90da-04f43f73a19d','05dc1eb4-783f-4492-90da-04f43f73a19d','2022-05-05 13:26:44','2022-05-05 13:26:44'),('02021bed-cc77-11ec-a127-00163e08598c','01faca4a-cc77-11ec-a127-00163e08598c','Kabupaten Bogor','05dc1eb4-783f-4492-90da-04f43f73a19d','05dc1eb4-783f-4492-90da-04f43f73a19d','2022-05-05 13:26:44','2022-05-05 13:26:44'),('0205ee4a-cc77-11ec-a127-00163e08598c','01faca4a-cc77-11ec-a127-00163e08598c','Kabupaten Sukabumi','05dc1eb4-783f-4492-90da-04f43f73a19d','05dc1eb4-783f-4492-90da-04f43f73a19d','2022-05-05 13:26:44','2022-05-05 13:26:44'),('0209e84f-cc77-11ec-a127-00163e08598c','01faca4a-cc77-11ec-a127-00163e08598c','Kabupaten Cianjur','05dc1eb4-783f-4492-90da-04f43f73a19d','05dc1eb4-783f-4492-90da-04f43f73a19d','2022-05-05 13:26:44','2022-05-05 13:26:44'),('020e2cff-cc77-11ec-a127-00163e08598c','01faca4a-cc77-11ec-a127-00163e08598c','Kabupaten Bandung','05dc1eb4-783f-4492-90da-04f43f73a19d','05dc1eb4-783f-4492-90da-04f43f73a19d','2022-05-05 13:26:44','2022-05-05 13:26:44'),('021223e9-cc77-11ec-a127-00163e08598c','01faca4a-cc77-11ec-a127-00163e08598c','Kabupaten Garut','05dc1eb4-783f-4492-90da-04f43f73a19d','05dc1eb4-783f-4492-90da-04f43f73a19d','2022-05-05 13:26:44','2022-05-05 13:26:44'),('021643db-cc77-11ec-a127-00163e08598c','01faca4a-cc77-11ec-a127-00163e08598c','Kabupaten Tasikmalaya','05dc1eb4-783f-4492-90da-04f43f73a19d','05dc1eb4-783f-4492-90da-04f43f73a19d','2022-05-05 13:26:44','2022-05-05 13:26:44'),('021a140f-cc77-11ec-a127-00163e08598c','01faca4a-cc77-11ec-a127-00163e08598c','Kabupaten Ciamis','05dc1eb4-783f-4492-90da-04f43f73a19d','05dc1eb4-783f-4492-90da-04f43f73a19d','2022-05-05 13:26:45','2022-05-05 13:26:45'),('021de2ca-cc77-11ec-a127-00163e08598c','01faca4a-cc77-11ec-a127-00163e08598c','Kabupaten Kuningan','05dc1eb4-783f-4492-90da-04f43f73a19d','05dc1eb4-783f-4492-90da-04f43f73a19d','2022-05-05 13:26:45','2022-05-05 13:26:45'),('0221b3ac-cc77-11ec-a127-00163e08598c','01faca4a-cc77-11ec-a127-00163e08598c','Kabupaten Cirebon','05dc1eb4-783f-4492-90da-04f43f73a19d','05dc1eb4-783f-4492-90da-04f43f73a19d','2022-05-05 13:26:45','2022-05-05 13:26:45'),('0225855e-cc77-11ec-a127-00163e08598c','01faca4a-cc77-11ec-a127-00163e08598c','Kabupaten Majalengka','05dc1eb4-783f-4492-90da-04f43f73a19d','05dc1eb4-783f-4492-90da-04f43f73a19d','2022-05-05 13:26:45','2022-05-05 13:26:45'),('02295ffc-cc77-11ec-a127-00163e08598c','01faca4a-cc77-11ec-a127-00163e08598c','Kabupaten Sumedang','05dc1eb4-783f-4492-90da-04f43f73a19d','05dc1eb4-783f-4492-90da-04f43f73a19d','2022-05-05 13:26:45','2022-05-05 13:26:45'),('022d4cd9-cc77-11ec-a127-00163e08598c','01faca4a-cc77-11ec-a127-00163e08598c','Kabupaten Indramayu','05dc1eb4-783f-4492-90da-04f43f73a19d','05dc1eb4-783f-4492-90da-04f43f73a19d','2022-05-05 13:26:45','2022-05-05 13:26:45'),('02311dff-cc77-11ec-a127-00163e08598c','01faca4a-cc77-11ec-a127-00163e08598c','Kabupaten Subang','05dc1eb4-783f-4492-90da-04f43f73a19d','05dc1eb4-783f-4492-90da-04f43f73a19d','2022-05-05 13:26:45','2022-05-05 13:26:45'),('0234ed36-cc77-11ec-a127-00163e08598c','01faca4a-cc77-11ec-a127-00163e08598c','Kabupaten Purwakarta','05dc1eb4-783f-4492-90da-04f43f73a19d','05dc1eb4-783f-4492-90da-04f43f73a19d','2022-05-05 13:26:45','2022-05-05 13:26:45'),('0238bf79-cc77-11ec-a127-00163e08598c','01faca4a-cc77-11ec-a127-00163e08598c','Kabupaten Karawang','05dc1eb4-783f-4492-90da-04f43f73a19d','05dc1eb4-783f-4492-90da-04f43f73a19d','2022-05-05 13:26:45','2022-05-05 13:26:45'),('023c6629-cc77-11ec-a127-00163e08598c','01faca4a-cc77-11ec-a127-00163e08598c','Kabupaten Bekasi','05dc1eb4-783f-4492-90da-04f43f73a19d','05dc1eb4-783f-4492-90da-04f43f73a19d','2022-05-05 13:26:45','2022-05-05 13:26:45'),('02408947-cc77-11ec-a127-00163e08598c','01faca4a-cc77-11ec-a127-00163e08598c','Kabupaten Bandung Barat','05dc1eb4-783f-4492-90da-04f43f73a19d','05dc1eb4-783f-4492-90da-04f43f73a19d','2022-05-05 13:26:45','2022-05-05 13:26:45'),('02445811-cc77-11ec-a127-00163e08598c','01faca4a-cc77-11ec-a127-00163e08598c','Kabupaten Pangandaran','05dc1eb4-783f-4492-90da-04f43f73a19d','05dc1eb4-783f-4492-90da-04f43f73a19d','2022-05-05 13:26:45','2022-05-05 13:26:45'),('02482a1d-cc77-11ec-a127-00163e08598c','01faca4a-cc77-11ec-a127-00163e08598c','Kota Bogor','05dc1eb4-783f-4492-90da-04f43f73a19d','05dc1eb4-783f-4492-90da-04f43f73a19d','2022-05-05 13:26:45','2022-05-05 13:26:45'),('024bf94b-cc77-11ec-a127-00163e08598c','01faca4a-cc77-11ec-a127-00163e08598c','Kota Sukabumi','05dc1eb4-783f-4492-90da-04f43f73a19d','05dc1eb4-783f-4492-90da-04f43f73a19d','2022-05-05 13:26:45','2022-05-05 13:26:45'),('02503fd9-cc77-11ec-a127-00163e08598c','01faca4a-cc77-11ec-a127-00163e08598c','Kota Bandung','05dc1eb4-783f-4492-90da-04f43f73a19d','05dc1eb4-783f-4492-90da-04f43f73a19d','2022-05-05 13:26:45','2022-05-05 13:26:45'),('02540ef2-cc77-11ec-a127-00163e08598c','01faca4a-cc77-11ec-a127-00163e08598c','Kota Cirebon','05dc1eb4-783f-4492-90da-04f43f73a19d','05dc1eb4-783f-4492-90da-04f43f73a19d','2022-05-05 13:26:45','2022-05-05 13:26:45'),('0257b77e-cc77-11ec-a127-00163e08598c','01faca4a-cc77-11ec-a127-00163e08598c','Kota Bekasi','05dc1eb4-783f-4492-90da-04f43f73a19d','05dc1eb4-783f-4492-90da-04f43f73a19d','2022-05-05 13:26:45','2022-05-05 13:26:45'),('025b623e-cc77-11ec-a127-00163e08598c','01faca4a-cc77-11ec-a127-00163e08598c','Kota Depok','05dc1eb4-783f-4492-90da-04f43f73a19d','05dc1eb4-783f-4492-90da-04f43f73a19d','2022-05-05 13:26:45','2022-05-05 13:26:45'),('025fcebe-cc77-11ec-a127-00163e08598c','01faca4a-cc77-11ec-a127-00163e08598c','Kota Cimahi','05dc1eb4-783f-4492-90da-04f43f73a19d','05dc1eb4-783f-4492-90da-04f43f73a19d','2022-05-05 13:26:45','2022-05-05 13:26:45'),('02643da6-cc77-11ec-a127-00163e08598c','01faca4a-cc77-11ec-a127-00163e08598c','Kota Tasikmalaya','05dc1eb4-783f-4492-90da-04f43f73a19d','05dc1eb4-783f-4492-90da-04f43f73a19d','2022-05-05 13:26:45','2022-05-05 13:26:45'),('0268aa1a-cc77-11ec-a127-00163e08598c','01faca4a-cc77-11ec-a127-00163e08598c','Kota Banjar','05dc1eb4-783f-4492-90da-04f43f73a19d','05dc1eb4-783f-4492-90da-04f43f73a19d','2022-05-05 13:26:45','2022-05-05 13:26:45'),('027441b9-cc77-11ec-a127-00163e08598c','026c7930-cc77-11ec-a127-00163e08598c','Kabupaten Banjarnegara','05dc1eb4-783f-4492-90da-04f43f73a19d','05dc1eb4-783f-4492-90da-04f43f73a19d','2022-05-05 13:26:45','2022-05-05 13:26:45'),('027b03f9-cc77-11ec-a127-00163e08598c','026c7930-cc77-11ec-a127-00163e08598c','Kabupaten Banyumas','05dc1eb4-783f-4492-90da-04f43f73a19d','05dc1eb4-783f-4492-90da-04f43f73a19d','2022-05-05 13:26:45','2022-05-05 13:26:45'),('027f233d-cc77-11ec-a127-00163e08598c','026c7930-cc77-11ec-a127-00163e08598c','Kabupaten Batang','05dc1eb4-783f-4492-90da-04f43f73a19d','05dc1eb4-783f-4492-90da-04f43f73a19d','2022-05-05 13:26:45','2022-05-05 13:26:45'),('02833f84-cc77-11ec-a127-00163e08598c','026c7930-cc77-11ec-a127-00163e08598c','Kabupaten Blora','05dc1eb4-783f-4492-90da-04f43f73a19d','05dc1eb4-783f-4492-90da-04f43f73a19d','2022-05-05 13:26:45','2022-05-05 13:26:45'),('0288705f-cc77-11ec-a127-00163e08598c','026c7930-cc77-11ec-a127-00163e08598c','Kabupaten Boyolali','05dc1eb4-783f-4492-90da-04f43f73a19d','05dc1eb4-783f-4492-90da-04f43f73a19d','2022-05-05 13:26:45','2022-05-05 13:26:45'),('028c4063-cc77-11ec-a127-00163e08598c','026c7930-cc77-11ec-a127-00163e08598c','Kabupaten Brebes','05dc1eb4-783f-4492-90da-04f43f73a19d','05dc1eb4-783f-4492-90da-04f43f73a19d','2022-05-05 13:26:45','2022-05-05 13:26:45'),('02903ab9-cc77-11ec-a127-00163e08598c','026c7930-cc77-11ec-a127-00163e08598c','Kabupaten Cilacap','05dc1eb4-783f-4492-90da-04f43f73a19d','05dc1eb4-783f-4492-90da-04f43f73a19d','2022-05-05 13:26:45','2022-05-05 13:26:45'),('02945744-cc77-11ec-a127-00163e08598c','026c7930-cc77-11ec-a127-00163e08598c','Kabupaten Demak','05dc1eb4-783f-4492-90da-04f43f73a19d','05dc1eb4-783f-4492-90da-04f43f73a19d','2022-05-05 13:26:45','2022-05-05 13:26:45'),('0297fc07-cc77-11ec-a127-00163e08598c','026c7930-cc77-11ec-a127-00163e08598c','Kabupaten Grobogan','05dc1eb4-783f-4492-90da-04f43f73a19d','05dc1eb4-783f-4492-90da-04f43f73a19d','2022-05-05 13:26:45','2022-05-05 13:26:45'),('029cb8e4-cc77-11ec-a127-00163e08598c','026c7930-cc77-11ec-a127-00163e08598c','Kabupaten Jepara','05dc1eb4-783f-4492-90da-04f43f73a19d','05dc1eb4-783f-4492-90da-04f43f73a19d','2022-05-05 13:26:45','2022-05-05 13:26:45'),('02a17786-cc77-11ec-a127-00163e08598c','026c7930-cc77-11ec-a127-00163e08598c','Kabupaten Karanganyar','05dc1eb4-783f-4492-90da-04f43f73a19d','05dc1eb4-783f-4492-90da-04f43f73a19d','2022-05-05 13:26:45','2022-05-05 13:26:45'),('02a546e9-cc77-11ec-a127-00163e08598c','026c7930-cc77-11ec-a127-00163e08598c','Kabupaten Kebumen','05dc1eb4-783f-4492-90da-04f43f73a19d','05dc1eb4-783f-4492-90da-04f43f73a19d','2022-05-05 13:26:45','2022-05-05 13:26:45'),('02aa014d-cc77-11ec-a127-00163e08598c','026c7930-cc77-11ec-a127-00163e08598c','Kabupaten Kendal','05dc1eb4-783f-4492-90da-04f43f73a19d','05dc1eb4-783f-4492-90da-04f43f73a19d','2022-05-05 13:26:45','2022-05-05 13:26:45'),('02ae46f5-cc77-11ec-a127-00163e08598c','026c7930-cc77-11ec-a127-00163e08598c','Kabupaten Klaten','05dc1eb4-783f-4492-90da-04f43f73a19d','05dc1eb4-783f-4492-90da-04f43f73a19d','2022-05-05 13:26:45','2022-05-05 13:26:45'),('02b2152b-cc77-11ec-a127-00163e08598c','026c7930-cc77-11ec-a127-00163e08598c','Kabupaten Kudus','05dc1eb4-783f-4492-90da-04f43f73a19d','05dc1eb4-783f-4492-90da-04f43f73a19d','2022-05-05 13:26:46','2022-05-05 13:26:46'),('02b5ea58-cc77-11ec-a127-00163e08598c','026c7930-cc77-11ec-a127-00163e08598c','Kabupaten Magelang','05dc1eb4-783f-4492-90da-04f43f73a19d','05dc1eb4-783f-4492-90da-04f43f73a19d','2022-05-05 13:26:46','2022-05-05 13:26:46'),('02b9b8a0-cc77-11ec-a127-00163e08598c','026c7930-cc77-11ec-a127-00163e08598c','Kabupaten Pati','05dc1eb4-783f-4492-90da-04f43f73a19d','05dc1eb4-783f-4492-90da-04f43f73a19d','2022-05-05 13:26:46','2022-05-05 13:26:46'),('02bdfe8d-cc77-11ec-a127-00163e08598c','026c7930-cc77-11ec-a127-00163e08598c','Kabupaten Pekalongan','05dc1eb4-783f-4492-90da-04f43f73a19d','05dc1eb4-783f-4492-90da-04f43f73a19d','2022-05-05 13:26:46','2022-05-05 13:26:46'),('02c1ceb0-cc77-11ec-a127-00163e08598c','026c7930-cc77-11ec-a127-00163e08598c','Kabupaten Pemalang','05dc1eb4-783f-4492-90da-04f43f73a19d','05dc1eb4-783f-4492-90da-04f43f73a19d','2022-05-05 13:26:46','2022-05-05 13:26:46'),('02c5a14d-cc77-11ec-a127-00163e08598c','026c7930-cc77-11ec-a127-00163e08598c','Kabupaten Purbalingga','05dc1eb4-783f-4492-90da-04f43f73a19d','05dc1eb4-783f-4492-90da-04f43f73a19d','2022-05-05 13:26:46','2022-05-05 13:26:46'),('02ca386f-cc77-11ec-a127-00163e08598c','026c7930-cc77-11ec-a127-00163e08598c','Kabupaten Purworejo','05dc1eb4-783f-4492-90da-04f43f73a19d','05dc1eb4-783f-4492-90da-04f43f73a19d','2022-05-05 13:26:46','2022-05-05 13:26:46'),('02ce06a2-cc77-11ec-a127-00163e08598c','026c7930-cc77-11ec-a127-00163e08598c','Kabupaten Rembang','05dc1eb4-783f-4492-90da-04f43f73a19d','05dc1eb4-783f-4492-90da-04f43f73a19d','2022-05-05 13:26:46','2022-05-05 13:26:46'),('02d24ad9-cc77-11ec-a127-00163e08598c','026c7930-cc77-11ec-a127-00163e08598c','Kabupaten Semarang','05dc1eb4-783f-4492-90da-04f43f73a19d','05dc1eb4-783f-4492-90da-04f43f73a19d','2022-05-05 13:26:46','2022-05-05 13:26:46'),('02d64368-cc77-11ec-a127-00163e08598c','026c7930-cc77-11ec-a127-00163e08598c','Kabupaten Sragen','05dc1eb4-783f-4492-90da-04f43f73a19d','05dc1eb4-783f-4492-90da-04f43f73a19d','2022-05-05 13:26:46','2022-05-05 13:26:46'),('02d9e781-cc77-11ec-a127-00163e08598c','026c7930-cc77-11ec-a127-00163e08598c','Kabupaten Sukoharjo','05dc1eb4-783f-4492-90da-04f43f73a19d','05dc1eb4-783f-4492-90da-04f43f73a19d','2022-05-05 13:26:46','2022-05-05 13:26:46'),('02dd9047-cc77-11ec-a127-00163e08598c','026c7930-cc77-11ec-a127-00163e08598c','Kabupaten Tegal','05dc1eb4-783f-4492-90da-04f43f73a19d','05dc1eb4-783f-4492-90da-04f43f73a19d','2022-05-05 13:26:46','2022-05-05 13:26:46'),('02e13e6d-cc77-11ec-a127-00163e08598c','026c7930-cc77-11ec-a127-00163e08598c','Kabupaten Temanggung','05dc1eb4-783f-4492-90da-04f43f73a19d','05dc1eb4-783f-4492-90da-04f43f73a19d','2022-05-05 13:26:46','2022-05-05 13:26:46'),('02e4e531-cc77-11ec-a127-00163e08598c','026c7930-cc77-11ec-a127-00163e08598c','Kabupaten Wonogiri','05dc1eb4-783f-4492-90da-04f43f73a19d','05dc1eb4-783f-4492-90da-04f43f73a19d','2022-05-05 13:26:46','2022-05-05 13:26:46'),('02e891cd-cc77-11ec-a127-00163e08598c','026c7930-cc77-11ec-a127-00163e08598c','Kabupaten Wonosobo','05dc1eb4-783f-4492-90da-04f43f73a19d','05dc1eb4-783f-4492-90da-04f43f73a19d','2022-05-05 13:26:46','2022-05-05 13:26:46'),('02ec5e81-cc77-11ec-a127-00163e08598c','026c7930-cc77-11ec-a127-00163e08598c','Kota Magelang','05dc1eb4-783f-4492-90da-04f43f73a19d','05dc1eb4-783f-4492-90da-04f43f73a19d','2022-05-05 13:26:46','2022-05-05 13:26:46'),('02efe111-cc77-11ec-a127-00163e08598c','026c7930-cc77-11ec-a127-00163e08598c','Kota Pekalongan','05dc1eb4-783f-4492-90da-04f43f73a19d','05dc1eb4-783f-4492-90da-04f43f73a19d','2022-05-05 13:26:46','2022-05-05 13:26:46'),('02f36870-cc77-11ec-a127-00163e08598c','026c7930-cc77-11ec-a127-00163e08598c','Kota Salatiga','05dc1eb4-783f-4492-90da-04f43f73a19d','05dc1eb4-783f-4492-90da-04f43f73a19d','2022-05-05 13:26:46','2022-05-05 13:26:46'),('02f75bc7-cc77-11ec-a127-00163e08598c','026c7930-cc77-11ec-a127-00163e08598c','Kota Semarang','05dc1eb4-783f-4492-90da-04f43f73a19d','05dc1eb4-783f-4492-90da-04f43f73a19d','2022-05-05 13:26:46','2022-05-05 13:26:46'),('02fb7df1-cc77-11ec-a127-00163e08598c','026c7930-cc77-11ec-a127-00163e08598c','Kota Surakarta','05dc1eb4-783f-4492-90da-04f43f73a19d','05dc1eb4-783f-4492-90da-04f43f73a19d','2022-05-05 13:26:46','2022-05-05 13:26:46'),('02ff4a78-cc77-11ec-a127-00163e08598c','026c7930-cc77-11ec-a127-00163e08598c','Kota Tegal','05dc1eb4-783f-4492-90da-04f43f73a19d','05dc1eb4-783f-4492-90da-04f43f73a19d','2022-05-05 13:26:46','2022-05-05 13:26:46'),('030b8330-cc77-11ec-a127-00163e08598c','030318db-cc77-11ec-a127-00163e08598c','Kabupaten Bangkalan','05dc1eb4-783f-4492-90da-04f43f73a19d','05dc1eb4-783f-4492-90da-04f43f73a19d','2022-05-05 13:26:46','2022-05-05 13:26:46'),('030f2ea8-cc77-11ec-a127-00163e08598c','030318db-cc77-11ec-a127-00163e08598c','Kabupaten Banyuwangi','05dc1eb4-783f-4492-90da-04f43f73a19d','05dc1eb4-783f-4492-90da-04f43f73a19d','2022-05-05 13:26:46','2022-05-05 13:26:46'),('0312f9a6-cc77-11ec-a127-00163e08598c','030318db-cc77-11ec-a127-00163e08598c','Kabupaten Blitar','05dc1eb4-783f-4492-90da-04f43f73a19d','05dc1eb4-783f-4492-90da-04f43f73a19d','2022-05-05 13:26:46','2022-05-05 13:26:46'),('03171970-cc77-11ec-a127-00163e08598c','030318db-cc77-11ec-a127-00163e08598c','Kabupaten Bojonegoro','05dc1eb4-783f-4492-90da-04f43f73a19d','05dc1eb4-783f-4492-90da-04f43f73a19d','2022-05-05 13:26:46','2022-05-05 13:26:46'),('031c702d-cc77-11ec-a127-00163e08598c','030318db-cc77-11ec-a127-00163e08598c','Kabupaten Bondowoso','05dc1eb4-783f-4492-90da-04f43f73a19d','05dc1eb4-783f-4492-90da-04f43f73a19d','2022-05-05 13:26:46','2022-05-05 13:26:46'),('03203d80-cc77-11ec-a127-00163e08598c','030318db-cc77-11ec-a127-00163e08598c','Kabupaten Gresik','05dc1eb4-783f-4492-90da-04f43f73a19d','05dc1eb4-783f-4492-90da-04f43f73a19d','2022-05-05 13:26:46','2022-05-05 13:26:46'),('0323e94a-cc77-11ec-a127-00163e08598c','030318db-cc77-11ec-a127-00163e08598c','Kabupaten Jember','05dc1eb4-783f-4492-90da-04f43f73a19d','05dc1eb4-783f-4492-90da-04f43f73a19d','2022-05-05 13:26:46','2022-05-05 13:26:46'),('032796a5-cc77-11ec-a127-00163e08598c','030318db-cc77-11ec-a127-00163e08598c','Kabupaten Jombang','05dc1eb4-783f-4492-90da-04f43f73a19d','05dc1eb4-783f-4492-90da-04f43f73a19d','2022-05-05 13:26:46','2022-05-05 13:26:46'),('032bb102-cc77-11ec-a127-00163e08598c','030318db-cc77-11ec-a127-00163e08598c','Kabupaten Kediri','05dc1eb4-783f-4492-90da-04f43f73a19d','05dc1eb4-783f-4492-90da-04f43f73a19d','2022-05-05 13:26:46','2022-05-05 13:26:46'),('032f8501-cc77-11ec-a127-00163e08598c','030318db-cc77-11ec-a127-00163e08598c','Kabupaten Lamongan','05dc1eb4-783f-4492-90da-04f43f73a19d','05dc1eb4-783f-4492-90da-04f43f73a19d','2022-05-05 13:26:46','2022-05-05 13:26:46'),('033b1ba6-cc77-11ec-a127-00163e08598c','030318db-cc77-11ec-a127-00163e08598c','Kabupaten Lumajang','05dc1eb4-783f-4492-90da-04f43f73a19d','05dc1eb4-783f-4492-90da-04f43f73a19d','2022-05-05 13:26:46','2022-05-05 13:26:46'),('0340730f-cc77-11ec-a127-00163e08598c','030318db-cc77-11ec-a127-00163e08598c','Kabupaten Madiun','05dc1eb4-783f-4492-90da-04f43f73a19d','05dc1eb4-783f-4492-90da-04f43f73a19d','2022-05-05 13:26:46','2022-05-05 13:26:46'),('03452e03-cc77-11ec-a127-00163e08598c','030318db-cc77-11ec-a127-00163e08598c','Kabupaten Magetan','05dc1eb4-783f-4492-90da-04f43f73a19d','05dc1eb4-783f-4492-90da-04f43f73a19d','2022-05-05 13:26:46','2022-05-05 13:26:46'),('0348d66a-cc77-11ec-a127-00163e08598c','030318db-cc77-11ec-a127-00163e08598c','Kabupaten Malang','05dc1eb4-783f-4492-90da-04f43f73a19d','05dc1eb4-783f-4492-90da-04f43f73a19d','2022-05-05 13:26:46','2022-05-05 13:26:46'),('034c7f50-cc77-11ec-a127-00163e08598c','030318db-cc77-11ec-a127-00163e08598c','Kabupaten Mojokerto','05dc1eb4-783f-4492-90da-04f43f73a19d','05dc1eb4-783f-4492-90da-04f43f73a19d','2022-05-05 13:26:47','2022-05-05 13:26:47'),('03502a61-cc77-11ec-a127-00163e08598c','030318db-cc77-11ec-a127-00163e08598c','Kabupaten Nganjuk','05dc1eb4-783f-4492-90da-04f43f73a19d','05dc1eb4-783f-4492-90da-04f43f73a19d','2022-05-05 13:26:47','2022-05-05 13:26:47'),('0353d3f5-cc77-11ec-a127-00163e08598c','030318db-cc77-11ec-a127-00163e08598c','Kabupaten Ngawi','05dc1eb4-783f-4492-90da-04f43f73a19d','05dc1eb4-783f-4492-90da-04f43f73a19d','2022-05-05 13:26:47','2022-05-05 13:26:47'),('0357a727-cc77-11ec-a127-00163e08598c','030318db-cc77-11ec-a127-00163e08598c','Kabupaten Pacitan','05dc1eb4-783f-4492-90da-04f43f73a19d','05dc1eb4-783f-4492-90da-04f43f73a19d','2022-05-05 13:26:47','2022-05-05 13:26:47'),('035b7453-cc77-11ec-a127-00163e08598c','030318db-cc77-11ec-a127-00163e08598c','Kabupaten Pamekasan','05dc1eb4-783f-4492-90da-04f43f73a19d','05dc1eb4-783f-4492-90da-04f43f73a19d','2022-05-05 13:26:47','2022-05-05 13:26:47'),('035f44cb-cc77-11ec-a127-00163e08598c','030318db-cc77-11ec-a127-00163e08598c','Kabupaten Pasuruan','05dc1eb4-783f-4492-90da-04f43f73a19d','05dc1eb4-783f-4492-90da-04f43f73a19d','2022-05-05 13:26:47','2022-05-05 13:26:47'),('0362eeae-cc77-11ec-a127-00163e08598c','030318db-cc77-11ec-a127-00163e08598c','Kabupaten Ponorogo','05dc1eb4-783f-4492-90da-04f43f73a19d','05dc1eb4-783f-4492-90da-04f43f73a19d','2022-05-05 13:26:47','2022-05-05 13:26:47'),('0366bcda-cc77-11ec-a127-00163e08598c','030318db-cc77-11ec-a127-00163e08598c','Kabupaten Probolinggo','05dc1eb4-783f-4492-90da-04f43f73a19d','05dc1eb4-783f-4492-90da-04f43f73a19d','2022-05-05 13:26:47','2022-05-05 13:26:47'),('036ae220-cc77-11ec-a127-00163e08598c','030318db-cc77-11ec-a127-00163e08598c','Kabupaten Sampang','05dc1eb4-783f-4492-90da-04f43f73a19d','05dc1eb4-783f-4492-90da-04f43f73a19d','2022-05-05 13:26:47','2022-05-05 13:26:47'),('036e8b88-cc77-11ec-a127-00163e08598c','030318db-cc77-11ec-a127-00163e08598c','Kabupaten Sidoarjo','05dc1eb4-783f-4492-90da-04f43f73a19d','05dc1eb4-783f-4492-90da-04f43f73a19d','2022-05-05 13:26:47','2022-05-05 13:26:47'),('03722f87-cc77-11ec-a127-00163e08598c','030318db-cc77-11ec-a127-00163e08598c','Kabupaten Situbondo','05dc1eb4-783f-4492-90da-04f43f73a19d','05dc1eb4-783f-4492-90da-04f43f73a19d','2022-05-05 13:26:47','2022-05-05 13:26:47'),('0375daf3-cc77-11ec-a127-00163e08598c','030318db-cc77-11ec-a127-00163e08598c','Kabupaten Sumenep','05dc1eb4-783f-4492-90da-04f43f73a19d','05dc1eb4-783f-4492-90da-04f43f73a19d','2022-05-05 13:26:47','2022-05-05 13:26:47'),('037986fe-cc77-11ec-a127-00163e08598c','030318db-cc77-11ec-a127-00163e08598c','Kabupaten Trenggalek','05dc1eb4-783f-4492-90da-04f43f73a19d','05dc1eb4-783f-4492-90da-04f43f73a19d','2022-05-05 13:26:47','2022-05-05 13:26:47'),('037d56dd-cc77-11ec-a127-00163e08598c','030318db-cc77-11ec-a127-00163e08598c','Kabupaten Tuban','05dc1eb4-783f-4492-90da-04f43f73a19d','05dc1eb4-783f-4492-90da-04f43f73a19d','2022-05-05 13:26:47','2022-05-05 13:26:47'),('038128d4-cc77-11ec-a127-00163e08598c','030318db-cc77-11ec-a127-00163e08598c','Kabupaten Tulungagung','05dc1eb4-783f-4492-90da-04f43f73a19d','05dc1eb4-783f-4492-90da-04f43f73a19d','2022-05-05 13:26:47','2022-05-05 13:26:47'),('0384cf61-cc77-11ec-a127-00163e08598c','030318db-cc77-11ec-a127-00163e08598c','Kota Batu','05dc1eb4-783f-4492-90da-04f43f73a19d','05dc1eb4-783f-4492-90da-04f43f73a19d','2022-05-05 13:26:47','2022-05-05 13:26:47'),('0388efbe-cc77-11ec-a127-00163e08598c','030318db-cc77-11ec-a127-00163e08598c','Kota Blitar','05dc1eb4-783f-4492-90da-04f43f73a19d','05dc1eb4-783f-4492-90da-04f43f73a19d','2022-05-05 13:26:47','2022-05-05 13:26:47'),('038cbe95-cc77-11ec-a127-00163e08598c','030318db-cc77-11ec-a127-00163e08598c','Kota Kediri','05dc1eb4-783f-4492-90da-04f43f73a19d','05dc1eb4-783f-4492-90da-04f43f73a19d','2022-05-05 13:26:47','2022-05-05 13:26:47'),('03906679-cc77-11ec-a127-00163e08598c','030318db-cc77-11ec-a127-00163e08598c','Kota Madiun','05dc1eb4-783f-4492-90da-04f43f73a19d','05dc1eb4-783f-4492-90da-04f43f73a19d','2022-05-05 13:26:47','2022-05-05 13:26:47'),('03946b15-cc77-11ec-a127-00163e08598c','030318db-cc77-11ec-a127-00163e08598c','Kota Malang','05dc1eb4-783f-4492-90da-04f43f73a19d','05dc1eb4-783f-4492-90da-04f43f73a19d','2022-05-05 13:26:47','2022-05-05 13:26:47'),('0398a485-cc77-11ec-a127-00163e08598c','030318db-cc77-11ec-a127-00163e08598c','Kota Mojokerto','05dc1eb4-783f-4492-90da-04f43f73a19d','05dc1eb4-783f-4492-90da-04f43f73a19d','2022-05-05 13:26:47','2022-05-05 13:26:47'),('039c4ba9-cc77-11ec-a127-00163e08598c','030318db-cc77-11ec-a127-00163e08598c','Kota Pasuruan','05dc1eb4-783f-4492-90da-04f43f73a19d','05dc1eb4-783f-4492-90da-04f43f73a19d','2022-05-05 13:26:47','2022-05-05 13:26:47'),('039fd164-cc77-11ec-a127-00163e08598c','030318db-cc77-11ec-a127-00163e08598c','Kota Probolinggo','05dc1eb4-783f-4492-90da-04f43f73a19d','05dc1eb4-783f-4492-90da-04f43f73a19d','2022-05-05 13:26:47','2022-05-05 13:26:47'),('03a37d74-cc77-11ec-a127-00163e08598c','030318db-cc77-11ec-a127-00163e08598c','Kota Surabaya','05dc1eb4-783f-4492-90da-04f43f73a19d','05dc1eb4-783f-4492-90da-04f43f73a19d','2022-05-05 13:26:47','2022-05-05 13:26:47'),('03aec552-cc77-11ec-a127-00163e08598c','03a77080-cc77-11ec-a127-00163e08598c','Kabupaten Bengkayang','05dc1eb4-783f-4492-90da-04f43f73a19d','05dc1eb4-783f-4492-90da-04f43f73a19d','2022-05-05 13:26:47','2022-05-05 13:26:47'),('03b26f0d-cc77-11ec-a127-00163e08598c','03a77080-cc77-11ec-a127-00163e08598c','Kabupaten Kapuas Hulu','05dc1eb4-783f-4492-90da-04f43f73a19d','05dc1eb4-783f-4492-90da-04f43f73a19d','2022-05-05 13:26:47','2022-05-05 13:26:47'),('03b61861-cc77-11ec-a127-00163e08598c','03a77080-cc77-11ec-a127-00163e08598c','Kabupaten Kayong Utara','05dc1eb4-783f-4492-90da-04f43f73a19d','05dc1eb4-783f-4492-90da-04f43f73a19d','2022-05-05 13:26:47','2022-05-05 13:26:47'),('03b9c201-cc77-11ec-a127-00163e08598c','03a77080-cc77-11ec-a127-00163e08598c','Kabupaten Ketapang','05dc1eb4-783f-4492-90da-04f43f73a19d','05dc1eb4-783f-4492-90da-04f43f73a19d','2022-05-05 13:26:47','2022-05-05 13:26:47'),('03bd6ad5-cc77-11ec-a127-00163e08598c','03a77080-cc77-11ec-a127-00163e08598c','Kabupaten Kubu Raya','05dc1eb4-783f-4492-90da-04f43f73a19d','05dc1eb4-783f-4492-90da-04f43f73a19d','2022-05-05 13:26:47','2022-05-05 13:26:47'),('03c11271-cc77-11ec-a127-00163e08598c','03a77080-cc77-11ec-a127-00163e08598c','Kabupaten Landak','05dc1eb4-783f-4492-90da-04f43f73a19d','05dc1eb4-783f-4492-90da-04f43f73a19d','2022-05-05 13:26:47','2022-05-05 13:26:47'),('03c4be9e-cc77-11ec-a127-00163e08598c','03a77080-cc77-11ec-a127-00163e08598c','Kabupaten Melawi','05dc1eb4-783f-4492-90da-04f43f73a19d','05dc1eb4-783f-4492-90da-04f43f73a19d','2022-05-05 13:26:47','2022-05-05 13:26:47'),('03c8b5a2-cc77-11ec-a127-00163e08598c','03a77080-cc77-11ec-a127-00163e08598c','Kabupaten Mempawah','05dc1eb4-783f-4492-90da-04f43f73a19d','05dc1eb4-783f-4492-90da-04f43f73a19d','2022-05-05 13:26:47','2022-05-05 13:26:47'),('03cc3e53-cc77-11ec-a127-00163e08598c','03a77080-cc77-11ec-a127-00163e08598c','Kabupaten Sambas','05dc1eb4-783f-4492-90da-04f43f73a19d','05dc1eb4-783f-4492-90da-04f43f73a19d','2022-05-05 13:26:47','2022-05-05 13:26:47'),('03cfe701-cc77-11ec-a127-00163e08598c','03a77080-cc77-11ec-a127-00163e08598c','Kabupaten Sanggau','05dc1eb4-783f-4492-90da-04f43f73a19d','05dc1eb4-783f-4492-90da-04f43f73a19d','2022-05-05 13:26:47','2022-05-05 13:26:47'),('03d3b6f8-cc77-11ec-a127-00163e08598c','03a77080-cc77-11ec-a127-00163e08598c','Kabupaten Sekadau','05dc1eb4-783f-4492-90da-04f43f73a19d','05dc1eb4-783f-4492-90da-04f43f73a19d','2022-05-05 13:26:47','2022-05-05 13:26:47'),('03d78313-cc77-11ec-a127-00163e08598c','03a77080-cc77-11ec-a127-00163e08598c','Kabupaten Sintang','05dc1eb4-783f-4492-90da-04f43f73a19d','05dc1eb4-783f-4492-90da-04f43f73a19d','2022-05-05 13:26:47','2022-05-05 13:26:47'),('03dbad37-cc77-11ec-a127-00163e08598c','03a77080-cc77-11ec-a127-00163e08598c','Kota Pontianak','05dc1eb4-783f-4492-90da-04f43f73a19d','05dc1eb4-783f-4492-90da-04f43f73a19d','2022-05-05 13:26:47','2022-05-05 13:26:47'),('03df7501-cc77-11ec-a127-00163e08598c','03a77080-cc77-11ec-a127-00163e08598c','Kota Singkawang','05dc1eb4-783f-4492-90da-04f43f73a19d','05dc1eb4-783f-4492-90da-04f43f73a19d','2022-05-05 13:26:47','2022-05-05 13:26:47'),('03ea9574-cc77-11ec-a127-00163e08598c','03e34087-cc77-11ec-a127-00163e08598c','Kabupaten Balangan','05dc1eb4-783f-4492-90da-04f43f73a19d','05dc1eb4-783f-4492-90da-04f43f73a19d','2022-05-05 13:26:48','2022-05-05 13:26:48'),('03ee67da-cc77-11ec-a127-00163e08598c','03e34087-cc77-11ec-a127-00163e08598c','Kabupaten Banjar','05dc1eb4-783f-4492-90da-04f43f73a19d','05dc1eb4-783f-4492-90da-04f43f73a19d','2022-05-05 13:26:48','2022-05-05 13:26:48'),('03f23ad2-cc77-11ec-a127-00163e08598c','03e34087-cc77-11ec-a127-00163e08598c','Kabupaten Barito Kuala','05dc1eb4-783f-4492-90da-04f43f73a19d','05dc1eb4-783f-4492-90da-04f43f73a19d','2022-05-05 13:26:48','2022-05-05 13:26:48'),('03f60671-cc77-11ec-a127-00163e08598c','03e34087-cc77-11ec-a127-00163e08598c','Kabupaten Hulu Sungai Selatan','05dc1eb4-783f-4492-90da-04f43f73a19d','05dc1eb4-783f-4492-90da-04f43f73a19d','2022-05-05 13:26:48','2022-05-05 13:26:48'),('03f9fe8a-cc77-11ec-a127-00163e08598c','03e34087-cc77-11ec-a127-00163e08598c','Kabupaten Hulu Sungai Tengah','05dc1eb4-783f-4492-90da-04f43f73a19d','05dc1eb4-783f-4492-90da-04f43f73a19d','2022-05-05 13:26:48','2022-05-05 13:26:48'),('03fdd225-cc77-11ec-a127-00163e08598c','03e34087-cc77-11ec-a127-00163e08598c','Kabupaten Hulu Sungai Utara','05dc1eb4-783f-4492-90da-04f43f73a19d','05dc1eb4-783f-4492-90da-04f43f73a19d','2022-05-05 13:26:48','2022-05-05 13:26:48'),('04017735-cc77-11ec-a127-00163e08598c','03e34087-cc77-11ec-a127-00163e08598c','Kabupaten Kotabaru','05dc1eb4-783f-4492-90da-04f43f73a19d','05dc1eb4-783f-4492-90da-04f43f73a19d','2022-05-05 13:26:48','2022-05-05 13:26:48'),('04059baa-cc77-11ec-a127-00163e08598c','03e34087-cc77-11ec-a127-00163e08598c','Kabupaten Tabalong','05dc1eb4-783f-4492-90da-04f43f73a19d','05dc1eb4-783f-4492-90da-04f43f73a19d','2022-05-05 13:26:48','2022-05-05 13:26:48'),('04096b71-cc77-11ec-a127-00163e08598c','03e34087-cc77-11ec-a127-00163e08598c','Kabupaten Tanah Bumbu','05dc1eb4-783f-4492-90da-04f43f73a19d','05dc1eb4-783f-4492-90da-04f43f73a19d','2022-05-05 13:26:48','2022-05-05 13:26:48'),('040d3719-cc77-11ec-a127-00163e08598c','03e34087-cc77-11ec-a127-00163e08598c','Kabupaten Tanah Laut','05dc1eb4-783f-4492-90da-04f43f73a19d','05dc1eb4-783f-4492-90da-04f43f73a19d','2022-05-05 13:26:48','2022-05-05 13:26:48'),('0410e566-cc77-11ec-a127-00163e08598c','03e34087-cc77-11ec-a127-00163e08598c','Kabupaten Tapin','05dc1eb4-783f-4492-90da-04f43f73a19d','05dc1eb4-783f-4492-90da-04f43f73a19d','2022-05-05 13:26:48','2022-05-05 13:26:48'),('0414dc04-cc77-11ec-a127-00163e08598c','03e34087-cc77-11ec-a127-00163e08598c','Kota Banjarbaru','05dc1eb4-783f-4492-90da-04f43f73a19d','05dc1eb4-783f-4492-90da-04f43f73a19d','2022-05-05 13:26:48','2022-05-05 13:26:48'),('0418839d-cc77-11ec-a127-00163e08598c','03e34087-cc77-11ec-a127-00163e08598c','Kota Banjarmasin','05dc1eb4-783f-4492-90da-04f43f73a19d','05dc1eb4-783f-4492-90da-04f43f73a19d','2022-05-05 13:26:48','2022-05-05 13:26:48'),('04238286-cc77-11ec-a127-00163e08598c','041c2ac1-cc77-11ec-a127-00163e08598c','Kabupaten Barito Selatan','05dc1eb4-783f-4492-90da-04f43f73a19d','05dc1eb4-783f-4492-90da-04f43f73a19d','2022-05-05 13:26:48','2022-05-05 13:26:48'),('04272b8c-cc77-11ec-a127-00163e08598c','041c2ac1-cc77-11ec-a127-00163e08598c','Kabupaten Barito Timur','05dc1eb4-783f-4492-90da-04f43f73a19d','05dc1eb4-783f-4492-90da-04f43f73a19d','2022-05-05 13:26:48','2022-05-05 13:26:48'),('042afb39-cc77-11ec-a127-00163e08598c','041c2ac1-cc77-11ec-a127-00163e08598c','Kabupaten Barito Utara','05dc1eb4-783f-4492-90da-04f43f73a19d','05dc1eb4-783f-4492-90da-04f43f73a19d','2022-05-05 13:26:48','2022-05-05 13:26:48'),('042ea6d0-cc77-11ec-a127-00163e08598c','041c2ac1-cc77-11ec-a127-00163e08598c','Kabupaten Gunung Mas','05dc1eb4-783f-4492-90da-04f43f73a19d','05dc1eb4-783f-4492-90da-04f43f73a19d','2022-05-05 13:26:48','2022-05-05 13:26:48'),('04324e03-cc77-11ec-a127-00163e08598c','041c2ac1-cc77-11ec-a127-00163e08598c','Kabupaten Kapuas','05dc1eb4-783f-4492-90da-04f43f73a19d','05dc1eb4-783f-4492-90da-04f43f73a19d','2022-05-05 13:26:48','2022-05-05 13:26:48'),('04362313-cc77-11ec-a127-00163e08598c','041c2ac1-cc77-11ec-a127-00163e08598c','Kabupaten Katingan','05dc1eb4-783f-4492-90da-04f43f73a19d','05dc1eb4-783f-4492-90da-04f43f73a19d','2022-05-05 13:26:48','2022-05-05 13:26:48'),('0439f2b1-cc77-11ec-a127-00163e08598c','041c2ac1-cc77-11ec-a127-00163e08598c','Kabupaten Kotawaringin Barat','05dc1eb4-783f-4492-90da-04f43f73a19d','05dc1eb4-783f-4492-90da-04f43f73a19d','2022-05-05 13:26:48','2022-05-05 13:26:48'),('043dc2a9-cc77-11ec-a127-00163e08598c','041c2ac1-cc77-11ec-a127-00163e08598c','Kabupaten Kotawaringin Timur','05dc1eb4-783f-4492-90da-04f43f73a19d','05dc1eb4-783f-4492-90da-04f43f73a19d','2022-05-05 13:26:48','2022-05-05 13:26:48'),('044191d6-cc77-11ec-a127-00163e08598c','041c2ac1-cc77-11ec-a127-00163e08598c','Kabupaten Lamandau','05dc1eb4-783f-4492-90da-04f43f73a19d','05dc1eb4-783f-4492-90da-04f43f73a19d','2022-05-05 13:26:48','2022-05-05 13:26:48'),('0445d83b-cc77-11ec-a127-00163e08598c','041c2ac1-cc77-11ec-a127-00163e08598c','Kabupaten Murung Raya','05dc1eb4-783f-4492-90da-04f43f73a19d','05dc1eb4-783f-4492-90da-04f43f73a19d','2022-05-05 13:26:48','2022-05-05 13:26:48'),('0449a7de-cc77-11ec-a127-00163e08598c','041c2ac1-cc77-11ec-a127-00163e08598c','Kabupaten Pulang Pisau','05dc1eb4-783f-4492-90da-04f43f73a19d','05dc1eb4-783f-4492-90da-04f43f73a19d','2022-05-05 13:26:48','2022-05-05 13:26:48'),('044d4e66-cc77-11ec-a127-00163e08598c','041c2ac1-cc77-11ec-a127-00163e08598c','Kabupaten Sukamara','05dc1eb4-783f-4492-90da-04f43f73a19d','05dc1eb4-783f-4492-90da-04f43f73a19d','2022-05-05 13:26:48','2022-05-05 13:26:48'),('0450f8bd-cc77-11ec-a127-00163e08598c','041c2ac1-cc77-11ec-a127-00163e08598c','Kabupaten Seruyan','05dc1eb4-783f-4492-90da-04f43f73a19d','05dc1eb4-783f-4492-90da-04f43f73a19d','2022-05-05 13:26:48','2022-05-05 13:26:48'),('0454a26e-cc77-11ec-a127-00163e08598c','041c2ac1-cc77-11ec-a127-00163e08598c','Kota Palangka Raya','05dc1eb4-783f-4492-90da-04f43f73a19d','05dc1eb4-783f-4492-90da-04f43f73a19d','2022-05-05 13:26:48','2022-05-05 13:26:48'),('045f7736-cc77-11ec-a127-00163e08598c','04584796-cc77-11ec-a127-00163e08598c','Kabupaten Berau','05dc1eb4-783f-4492-90da-04f43f73a19d','05dc1eb4-783f-4492-90da-04f43f73a19d','2022-05-05 13:26:48','2022-05-05 13:26:48'),('04636ec8-cc77-11ec-a127-00163e08598c','04584796-cc77-11ec-a127-00163e08598c','Kabupaten Kutai Barat','05dc1eb4-783f-4492-90da-04f43f73a19d','05dc1eb4-783f-4492-90da-04f43f73a19d','2022-05-05 13:26:48','2022-05-05 13:26:48'),('04673fb3-cc77-11ec-a127-00163e08598c','04584796-cc77-11ec-a127-00163e08598c','Kabupaten Kutai Kartanegara','05dc1eb4-783f-4492-90da-04f43f73a19d','05dc1eb4-783f-4492-90da-04f43f73a19d','2022-05-05 13:26:48','2022-05-05 13:26:48'),('046b109a-cc77-11ec-a127-00163e08598c','04584796-cc77-11ec-a127-00163e08598c','Kabupaten Kutai Timur','05dc1eb4-783f-4492-90da-04f43f73a19d','05dc1eb4-783f-4492-90da-04f43f73a19d','2022-05-05 13:26:48','2022-05-05 13:26:48'),('046ee04f-cc77-11ec-a127-00163e08598c','04584796-cc77-11ec-a127-00163e08598c','Kabupaten Mahakam Ulu','05dc1eb4-783f-4492-90da-04f43f73a19d','05dc1eb4-783f-4492-90da-04f43f73a19d','2022-05-05 13:26:48','2022-05-05 13:26:48'),('0472fe42-cc77-11ec-a127-00163e08598c','04584796-cc77-11ec-a127-00163e08598c','Kabupaten Paser','05dc1eb4-783f-4492-90da-04f43f73a19d','05dc1eb4-783f-4492-90da-04f43f73a19d','2022-05-05 13:26:48','2022-05-05 13:26:48'),('0476a980-cc77-11ec-a127-00163e08598c','04584796-cc77-11ec-a127-00163e08598c','Kabupaten Penajam Paser Utara','05dc1eb4-783f-4492-90da-04f43f73a19d','05dc1eb4-783f-4492-90da-04f43f73a19d','2022-05-05 13:26:48','2022-05-05 13:26:48'),('047a7e1f-cc77-11ec-a127-00163e08598c','04584796-cc77-11ec-a127-00163e08598c','Kota Balikpapan','05dc1eb4-783f-4492-90da-04f43f73a19d','05dc1eb4-783f-4492-90da-04f43f73a19d','2022-05-05 13:26:48','2022-05-05 13:26:48'),('047e4c2e-cc77-11ec-a127-00163e08598c','04584796-cc77-11ec-a127-00163e08598c','Kota Bontang','05dc1eb4-783f-4492-90da-04f43f73a19d','05dc1eb4-783f-4492-90da-04f43f73a19d','2022-05-05 13:26:49','2022-05-05 13:26:49'),('04821a6c-cc77-11ec-a127-00163e08598c','04584796-cc77-11ec-a127-00163e08598c','Kota Samarinda','05dc1eb4-783f-4492-90da-04f43f73a19d','05dc1eb4-783f-4492-90da-04f43f73a19d','2022-05-05 13:26:49','2022-05-05 13:26:49'),('048d19bc-cc77-11ec-a127-00163e08598c','0485e857-cc77-11ec-a127-00163e08598c','Kabupaten Bulungan','05dc1eb4-783f-4492-90da-04f43f73a19d','05dc1eb4-783f-4492-90da-04f43f73a19d','2022-05-05 13:26:49','2022-05-05 13:26:49'),('0490bf0f-cc77-11ec-a127-00163e08598c','0485e857-cc77-11ec-a127-00163e08598c','Kabupaten Malinau','05dc1eb4-783f-4492-90da-04f43f73a19d','05dc1eb4-783f-4492-90da-04f43f73a19d','2022-05-05 13:26:49','2022-05-05 13:26:49'),('049469e2-cc77-11ec-a127-00163e08598c','0485e857-cc77-11ec-a127-00163e08598c','Kabupaten Nunukan','05dc1eb4-783f-4492-90da-04f43f73a19d','05dc1eb4-783f-4492-90da-04f43f73a19d','2022-05-05 13:26:49','2022-05-05 13:26:49'),('04981587-cc77-11ec-a127-00163e08598c','0485e857-cc77-11ec-a127-00163e08598c','Kabupaten Tana Tidung','05dc1eb4-783f-4492-90da-04f43f73a19d','05dc1eb4-783f-4492-90da-04f43f73a19d','2022-05-05 13:26:49','2022-05-05 13:26:49'),('049f3e7e-cc77-11ec-a127-00163e08598c','0485e857-cc77-11ec-a127-00163e08598c','Kota Tarakan','05dc1eb4-783f-4492-90da-04f43f73a19d','05dc1eb4-783f-4492-90da-04f43f73a19d','2022-05-05 13:26:49','2022-05-05 13:26:49'),('04aad895-cc77-11ec-a127-00163e08598c','04a3a9ef-cc77-11ec-a127-00163e08598c','Kabupaten Bangka','05dc1eb4-783f-4492-90da-04f43f73a19d','05dc1eb4-783f-4492-90da-04f43f73a19d','2022-05-05 13:26:49','2022-05-05 13:26:49'),('04ae84ff-cc77-11ec-a127-00163e08598c','04a3a9ef-cc77-11ec-a127-00163e08598c','Kabupaten Bangka Barat','05dc1eb4-783f-4492-90da-04f43f73a19d','05dc1eb4-783f-4492-90da-04f43f73a19d','2022-05-05 13:26:49','2022-05-05 13:26:49'),('04b22d68-cc77-11ec-a127-00163e08598c','04a3a9ef-cc77-11ec-a127-00163e08598c','Kabupaten Bangka Selatan','05dc1eb4-783f-4492-90da-04f43f73a19d','05dc1eb4-783f-4492-90da-04f43f73a19d','2022-05-05 13:26:49','2022-05-05 13:26:49'),('04b5d4e4-cc77-11ec-a127-00163e08598c','04a3a9ef-cc77-11ec-a127-00163e08598c','Kabupaten Bangka Tengah','05dc1eb4-783f-4492-90da-04f43f73a19d','05dc1eb4-783f-4492-90da-04f43f73a19d','2022-05-05 13:26:49','2022-05-05 13:26:49'),('04b9f374-cc77-11ec-a127-00163e08598c','04a3a9ef-cc77-11ec-a127-00163e08598c','Kabupaten Belitung','05dc1eb4-783f-4492-90da-04f43f73a19d','05dc1eb4-783f-4492-90da-04f43f73a19d','2022-05-05 13:26:49','2022-05-05 13:26:49'),('04bd9f46-cc77-11ec-a127-00163e08598c','04a3a9ef-cc77-11ec-a127-00163e08598c','Kabupaten Belitung Timur','05dc1eb4-783f-4492-90da-04f43f73a19d','05dc1eb4-783f-4492-90da-04f43f73a19d','2022-05-05 13:26:49','2022-05-05 13:26:49'),('04c19967-cc77-11ec-a127-00163e08598c','04a3a9ef-cc77-11ec-a127-00163e08598c','Kota Pangkal Pinang','05dc1eb4-783f-4492-90da-04f43f73a19d','05dc1eb4-783f-4492-90da-04f43f73a19d','2022-05-05 13:26:49','2022-05-05 13:26:49'),('04cc9192-cc77-11ec-a127-00163e08598c','04c53c2c-cc77-11ec-a127-00163e08598c','Kabupaten Bintan','05dc1eb4-783f-4492-90da-04f43f73a19d','05dc1eb4-783f-4492-90da-04f43f73a19d','2022-05-05 13:26:49','2022-05-05 13:26:49'),('04d1245f-cc77-11ec-a127-00163e08598c','04c53c2c-cc77-11ec-a127-00163e08598c','Kabupaten Karimun','05dc1eb4-783f-4492-90da-04f43f73a19d','05dc1eb4-783f-4492-90da-04f43f73a19d','2022-05-05 13:26:49','2022-05-05 13:26:49'),('04d545c0-cc77-11ec-a127-00163e08598c','04c53c2c-cc77-11ec-a127-00163e08598c','Kabupaten Kepulauan Anambas','05dc1eb4-783f-4492-90da-04f43f73a19d','05dc1eb4-783f-4492-90da-04f43f73a19d','2022-05-05 13:26:49','2022-05-05 13:26:49'),('04d9ff7f-cc77-11ec-a127-00163e08598c','04c53c2c-cc77-11ec-a127-00163e08598c','Kabupaten Lingga','05dc1eb4-783f-4492-90da-04f43f73a19d','05dc1eb4-783f-4492-90da-04f43f73a19d','2022-05-05 13:26:49','2022-05-05 13:26:49'),('04ddf95a-cc77-11ec-a127-00163e08598c','04c53c2c-cc77-11ec-a127-00163e08598c','Kabupaten Natuna','05dc1eb4-783f-4492-90da-04f43f73a19d','05dc1eb4-783f-4492-90da-04f43f73a19d','2022-05-05 13:26:49','2022-05-05 13:26:49'),('04e2d86b-cc77-11ec-a127-00163e08598c','04c53c2c-cc77-11ec-a127-00163e08598c','Kota Batam','05dc1eb4-783f-4492-90da-04f43f73a19d','05dc1eb4-783f-4492-90da-04f43f73a19d','2022-05-05 13:26:49','2022-05-05 13:26:49'),('04e6ab70-cc77-11ec-a127-00163e08598c','04c53c2c-cc77-11ec-a127-00163e08598c','Kota Tanjungpinang','05dc1eb4-783f-4492-90da-04f43f73a19d','05dc1eb4-783f-4492-90da-04f43f73a19d','2022-05-05 13:26:49','2022-05-05 13:26:49'),('04f48b01-cc77-11ec-a127-00163e08598c','04eb891b-cc77-11ec-a127-00163e08598c','Kabupaten Lampung Barat','05dc1eb4-783f-4492-90da-04f43f73a19d','05dc1eb4-783f-4492-90da-04f43f73a19d','2022-05-05 13:26:49','2022-05-05 13:26:49'),('04f83822-cc77-11ec-a127-00163e08598c','04eb891b-cc77-11ec-a127-00163e08598c','Kabupaten Lampung Selatan','05dc1eb4-783f-4492-90da-04f43f73a19d','05dc1eb4-783f-4492-90da-04f43f73a19d','2022-05-05 13:26:49','2022-05-05 13:26:49'),('04fe7951-cc77-11ec-a127-00163e08598c','04eb891b-cc77-11ec-a127-00163e08598c','Kabupaten Lampung Tengah','05dc1eb4-783f-4492-90da-04f43f73a19d','05dc1eb4-783f-4492-90da-04f43f73a19d','2022-05-05 13:26:49','2022-05-05 13:26:49'),('05022431-cc77-11ec-a127-00163e08598c','04eb891b-cc77-11ec-a127-00163e08598c','Kabupaten Lampung Timur','05dc1eb4-783f-4492-90da-04f43f73a19d','05dc1eb4-783f-4492-90da-04f43f73a19d','2022-05-05 13:26:49','2022-05-05 13:26:49'),('05064155-cc77-11ec-a127-00163e08598c','04eb891b-cc77-11ec-a127-00163e08598c','Kabupaten Lampung Utara','05dc1eb4-783f-4492-90da-04f43f73a19d','05dc1eb4-783f-4492-90da-04f43f73a19d','2022-05-05 13:26:49','2022-05-05 13:26:49'),('0512993c-cc77-11ec-a127-00163e08598c','04eb891b-cc77-11ec-a127-00163e08598c','Kabupaten Mesuji','05dc1eb4-783f-4492-90da-04f43f73a19d','05dc1eb4-783f-4492-90da-04f43f73a19d','2022-05-05 13:26:49','2022-05-05 13:26:49'),('05169170-cc77-11ec-a127-00163e08598c','04eb891b-cc77-11ec-a127-00163e08598c','Kabupaten Pesawaran','05dc1eb4-783f-4492-90da-04f43f73a19d','05dc1eb4-783f-4492-90da-04f43f73a19d','2022-05-05 13:26:50','2022-05-05 13:26:50'),('051b2902-cc77-11ec-a127-00163e08598c','04eb891b-cc77-11ec-a127-00163e08598c','Kabupaten Pesisir Barat','05dc1eb4-783f-4492-90da-04f43f73a19d','05dc1eb4-783f-4492-90da-04f43f73a19d','2022-05-05 13:26:50','2022-05-05 13:26:50'),('051fbbda-cc77-11ec-a127-00163e08598c','04eb891b-cc77-11ec-a127-00163e08598c','Kabupaten Pringsewu','05dc1eb4-783f-4492-90da-04f43f73a19d','05dc1eb4-783f-4492-90da-04f43f73a19d','2022-05-05 13:26:50','2022-05-05 13:26:50'),('052403f7-cc77-11ec-a127-00163e08598c','04eb891b-cc77-11ec-a127-00163e08598c','Kabupaten Tanggamus','05dc1eb4-783f-4492-90da-04f43f73a19d','05dc1eb4-783f-4492-90da-04f43f73a19d','2022-05-05 13:26:50','2022-05-05 13:26:50'),('0528496c-cc77-11ec-a127-00163e08598c','04eb891b-cc77-11ec-a127-00163e08598c','Kabupaten Tulang Bawang','05dc1eb4-783f-4492-90da-04f43f73a19d','05dc1eb4-783f-4492-90da-04f43f73a19d','2022-05-05 13:26:50','2022-05-05 13:26:50'),('052e8a07-cc77-11ec-a127-00163e08598c','04eb891b-cc77-11ec-a127-00163e08598c','Kabupaten Tulang Bawang Barat','05dc1eb4-783f-4492-90da-04f43f73a19d','05dc1eb4-783f-4492-90da-04f43f73a19d','2022-05-05 13:26:50','2022-05-05 13:26:50'),('05338ffe-cc77-11ec-a127-00163e08598c','04eb891b-cc77-11ec-a127-00163e08598c','Kabupaten Way Kanan','05dc1eb4-783f-4492-90da-04f43f73a19d','05dc1eb4-783f-4492-90da-04f43f73a19d','2022-05-05 13:26:50','2022-05-05 13:26:50'),('0537ae6b-cc77-11ec-a127-00163e08598c','04eb891b-cc77-11ec-a127-00163e08598c','Kota Bandar Lampung','05dc1eb4-783f-4492-90da-04f43f73a19d','05dc1eb4-783f-4492-90da-04f43f73a19d','2022-05-05 13:26:50','2022-05-05 13:26:50'),('053da27b-cc77-11ec-a127-00163e08598c','04eb891b-cc77-11ec-a127-00163e08598c','Kota Metro','05dc1eb4-783f-4492-90da-04f43f73a19d','05dc1eb4-783f-4492-90da-04f43f73a19d','2022-05-05 13:26:50','2022-05-05 13:26:50'),('054a0244-cc77-11ec-a127-00163e08598c','0541e5a3-cc77-11ec-a127-00163e08598c','Kabupaten Buru','05dc1eb4-783f-4492-90da-04f43f73a19d','05dc1eb4-783f-4492-90da-04f43f73a19d','2022-05-05 13:26:50','2022-05-05 13:26:50'),('054dfa4c-cc77-11ec-a127-00163e08598c','0541e5a3-cc77-11ec-a127-00163e08598c','Kabupaten Buru Selatan','05dc1eb4-783f-4492-90da-04f43f73a19d','05dc1eb4-783f-4492-90da-04f43f73a19d','2022-05-05 13:26:50','2022-05-05 13:26:50'),('0551ecdd-cc77-11ec-a127-00163e08598c','0541e5a3-cc77-11ec-a127-00163e08598c','Kabupaten Kepulauan Aru','05dc1eb4-783f-4492-90da-04f43f73a19d','05dc1eb4-783f-4492-90da-04f43f73a19d','2022-05-05 13:26:50','2022-05-05 13:26:50'),('0555bd83-cc77-11ec-a127-00163e08598c','0541e5a3-cc77-11ec-a127-00163e08598c','Kabupaten Kepulauan Tanimbar','05dc1eb4-783f-4492-90da-04f43f73a19d','05dc1eb4-783f-4492-90da-04f43f73a19d','2022-05-05 13:26:50','2022-05-05 13:26:50'),('0559678d-cc77-11ec-a127-00163e08598c','0541e5a3-cc77-11ec-a127-00163e08598c','Kabupaten Maluku Barat Daya','05dc1eb4-783f-4492-90da-04f43f73a19d','05dc1eb4-783f-4492-90da-04f43f73a19d','2022-05-05 13:26:50','2022-05-05 13:26:50'),('055db167-cc77-11ec-a127-00163e08598c','0541e5a3-cc77-11ec-a127-00163e08598c','Kabupaten Maluku Tengah','05dc1eb4-783f-4492-90da-04f43f73a19d','05dc1eb4-783f-4492-90da-04f43f73a19d','2022-05-05 13:26:50','2022-05-05 13:26:50'),('056156d4-cc77-11ec-a127-00163e08598c','0541e5a3-cc77-11ec-a127-00163e08598c','Kabupaten Maluku Tenggara','05dc1eb4-783f-4492-90da-04f43f73a19d','05dc1eb4-783f-4492-90da-04f43f73a19d','2022-05-05 13:26:50','2022-05-05 13:26:50'),('0565245b-cc77-11ec-a127-00163e08598c','0541e5a3-cc77-11ec-a127-00163e08598c','Kabupaten Seram Bagian Barat','05dc1eb4-783f-4492-90da-04f43f73a19d','05dc1eb4-783f-4492-90da-04f43f73a19d','2022-05-05 13:26:50','2022-05-05 13:26:50'),('0568fbcd-cc77-11ec-a127-00163e08598c','0541e5a3-cc77-11ec-a127-00163e08598c','Kabupaten Seram Bagian Timur','05dc1eb4-783f-4492-90da-04f43f73a19d','05dc1eb4-783f-4492-90da-04f43f73a19d','2022-05-05 13:26:50','2022-05-05 13:26:50'),('056cf316-cc77-11ec-a127-00163e08598c','0541e5a3-cc77-11ec-a127-00163e08598c','Kota Ambon','05dc1eb4-783f-4492-90da-04f43f73a19d','05dc1eb4-783f-4492-90da-04f43f73a19d','2022-05-05 13:26:50','2022-05-05 13:26:50'),('0570e602-cc77-11ec-a127-00163e08598c','0541e5a3-cc77-11ec-a127-00163e08598c','Kota Tual','05dc1eb4-783f-4492-90da-04f43f73a19d','05dc1eb4-783f-4492-90da-04f43f73a19d','2022-05-05 13:26:50','2022-05-05 13:26:50'),('057caaed-cc77-11ec-a127-00163e08598c','0575058f-cc77-11ec-a127-00163e08598c','Kabupaten Halmahera Barat','05dc1eb4-783f-4492-90da-04f43f73a19d','05dc1eb4-783f-4492-90da-04f43f73a19d','2022-05-05 13:26:50','2022-05-05 13:26:50'),('0580c5ae-cc77-11ec-a127-00163e08598c','0575058f-cc77-11ec-a127-00163e08598c','Kabupaten Halmahera Tengah','05dc1eb4-783f-4492-90da-04f43f73a19d','05dc1eb4-783f-4492-90da-04f43f73a19d','2022-05-05 13:26:50','2022-05-05 13:26:50'),('05864706-cc77-11ec-a127-00163e08598c','0575058f-cc77-11ec-a127-00163e08598c','Kabupaten Halmahera Timur','05dc1eb4-783f-4492-90da-04f43f73a19d','05dc1eb4-783f-4492-90da-04f43f73a19d','2022-05-05 13:26:50','2022-05-05 13:26:50'),('0589ecc9-cc77-11ec-a127-00163e08598c','0575058f-cc77-11ec-a127-00163e08598c','Kabupaten Halmahera Selatan','05dc1eb4-783f-4492-90da-04f43f73a19d','05dc1eb4-783f-4492-90da-04f43f73a19d','2022-05-05 13:26:50','2022-05-05 13:26:50'),('058dbe76-cc77-11ec-a127-00163e08598c','0575058f-cc77-11ec-a127-00163e08598c','Kabupaten Halmahera Utara','05dc1eb4-783f-4492-90da-04f43f73a19d','05dc1eb4-783f-4492-90da-04f43f73a19d','2022-05-05 13:26:50','2022-05-05 13:26:50'),('05919298-cc77-11ec-a127-00163e08598c','0575058f-cc77-11ec-a127-00163e08598c','Kabupaten Kepulauan Sula','05dc1eb4-783f-4492-90da-04f43f73a19d','05dc1eb4-783f-4492-90da-04f43f73a19d','2022-05-05 13:26:50','2022-05-05 13:26:50'),('05953acf-cc77-11ec-a127-00163e08598c','0575058f-cc77-11ec-a127-00163e08598c','Kabupaten Pulau Morotai','05dc1eb4-783f-4492-90da-04f43f73a19d','05dc1eb4-783f-4492-90da-04f43f73a19d','2022-05-05 13:26:50','2022-05-05 13:26:50'),('0598e16f-cc77-11ec-a127-00163e08598c','0575058f-cc77-11ec-a127-00163e08598c','Kabupaten Pulau Taliabu','05dc1eb4-783f-4492-90da-04f43f73a19d','05dc1eb4-783f-4492-90da-04f43f73a19d','2022-05-05 13:26:50','2022-05-05 13:26:50'),('059cb2ad-cc77-11ec-a127-00163e08598c','0575058f-cc77-11ec-a127-00163e08598c','Kota Ternate','05dc1eb4-783f-4492-90da-04f43f73a19d','05dc1eb4-783f-4492-90da-04f43f73a19d','2022-05-05 13:26:50','2022-05-05 13:26:50'),('05a05a5d-cc77-11ec-a127-00163e08598c','0575058f-cc77-11ec-a127-00163e08598c','Kota Tidore Kepulauan','05dc1eb4-783f-4492-90da-04f43f73a19d','05dc1eb4-783f-4492-90da-04f43f73a19d','2022-05-05 13:26:50','2022-05-05 13:26:50'),('05ab8239-cc77-11ec-a127-00163e08598c','05a4038f-cc77-11ec-a127-00163e08598c','Kabupaten Bima','05dc1eb4-783f-4492-90da-04f43f73a19d','05dc1eb4-783f-4492-90da-04f43f73a19d','2022-05-05 13:26:50','2022-05-05 13:26:50'),('05af2aec-cc77-11ec-a127-00163e08598c','05a4038f-cc77-11ec-a127-00163e08598c','Kabupaten Dompu','05dc1eb4-783f-4492-90da-04f43f73a19d','05dc1eb4-783f-4492-90da-04f43f73a19d','2022-05-05 13:26:51','2022-05-05 13:26:51'),('05b2d084-cc77-11ec-a127-00163e08598c','05a4038f-cc77-11ec-a127-00163e08598c','Kabupaten Lombok Barat','05dc1eb4-783f-4492-90da-04f43f73a19d','05dc1eb4-783f-4492-90da-04f43f73a19d','2022-05-05 13:26:51','2022-05-05 13:26:51'),('05b6f11c-cc77-11ec-a127-00163e08598c','05a4038f-cc77-11ec-a127-00163e08598c','Kabupaten Lombok Tengah','05dc1eb4-783f-4492-90da-04f43f73a19d','05dc1eb4-783f-4492-90da-04f43f73a19d','2022-05-05 13:26:51','2022-05-05 13:26:51'),('05ba9f0a-cc77-11ec-a127-00163e08598c','05a4038f-cc77-11ec-a127-00163e08598c','Kabupaten Lombok Timur','05dc1eb4-783f-4492-90da-04f43f73a19d','05dc1eb4-783f-4492-90da-04f43f73a19d','2022-05-05 13:26:51','2022-05-05 13:26:51'),('05be4470-cc77-11ec-a127-00163e08598c','05a4038f-cc77-11ec-a127-00163e08598c','Kabupaten Lombok Utara','05dc1eb4-783f-4492-90da-04f43f73a19d','05dc1eb4-783f-4492-90da-04f43f73a19d','2022-05-05 13:26:51','2022-05-05 13:26:51'),('05c1f1e3-cc77-11ec-a127-00163e08598c','05a4038f-cc77-11ec-a127-00163e08598c','Kabupaten Sumbawa','05dc1eb4-783f-4492-90da-04f43f73a19d','05dc1eb4-783f-4492-90da-04f43f73a19d','2022-05-05 13:26:51','2022-05-05 13:26:51'),('05c59b62-cc77-11ec-a127-00163e08598c','05a4038f-cc77-11ec-a127-00163e08598c','Kabupaten Sumbawa Barat','05dc1eb4-783f-4492-90da-04f43f73a19d','05dc1eb4-783f-4492-90da-04f43f73a19d','2022-05-05 13:26:51','2022-05-05 13:26:51'),('05c93f69-cc77-11ec-a127-00163e08598c','05a4038f-cc77-11ec-a127-00163e08598c','Kota Bima','05dc1eb4-783f-4492-90da-04f43f73a19d','05dc1eb4-783f-4492-90da-04f43f73a19d','2022-05-05 13:26:51','2022-05-05 13:26:51'),('05cdade2-cc77-11ec-a127-00163e08598c','05a4038f-cc77-11ec-a127-00163e08598c','Kota Mataram','05dc1eb4-783f-4492-90da-04f43f73a19d','05dc1eb4-783f-4492-90da-04f43f73a19d','2022-05-05 13:26:51','2022-05-05 13:26:51'),('05d91d3b-cc77-11ec-a127-00163e08598c','05d15662-cc77-11ec-a127-00163e08598c','Kabupaten Alor','05dc1eb4-783f-4492-90da-04f43f73a19d','05dc1eb4-783f-4492-90da-04f43f73a19d','2022-05-05 13:26:51','2022-05-05 13:26:51'),('05dcc880-cc77-11ec-a127-00163e08598c','05d15662-cc77-11ec-a127-00163e08598c','Kabupaten Belu','05dc1eb4-783f-4492-90da-04f43f73a19d','05dc1eb4-783f-4492-90da-04f43f73a19d','2022-05-05 13:26:51','2022-05-05 13:26:51'),('05e07292-cc77-11ec-a127-00163e08598c','05d15662-cc77-11ec-a127-00163e08598c','Kabupaten Ende','05dc1eb4-783f-4492-90da-04f43f73a19d','05dc1eb4-783f-4492-90da-04f43f73a19d','2022-05-05 13:26:51','2022-05-05 13:26:51'),('05e4df4a-cc77-11ec-a127-00163e08598c','05d15662-cc77-11ec-a127-00163e08598c','Kabupaten Flores Timur','05dc1eb4-783f-4492-90da-04f43f73a19d','05dc1eb4-783f-4492-90da-04f43f73a19d','2022-05-05 13:26:51','2022-05-05 13:26:51'),('05e99e16-cc77-11ec-a127-00163e08598c','05d15662-cc77-11ec-a127-00163e08598c','Kabupaten Kupang','05dc1eb4-783f-4492-90da-04f43f73a19d','05dc1eb4-783f-4492-90da-04f43f73a19d','2022-05-05 13:26:51','2022-05-05 13:26:51'),('05ee0b91-cc77-11ec-a127-00163e08598c','05d15662-cc77-11ec-a127-00163e08598c','Kabupaten Lembata','05dc1eb4-783f-4492-90da-04f43f73a19d','05dc1eb4-783f-4492-90da-04f43f73a19d','2022-05-05 13:26:51','2022-05-05 13:26:51'),('05f24e50-cc77-11ec-a127-00163e08598c','05d15662-cc77-11ec-a127-00163e08598c','Kabupaten Malaka','05dc1eb4-783f-4492-90da-04f43f73a19d','05dc1eb4-783f-4492-90da-04f43f73a19d','2022-05-05 13:26:51','2022-05-05 13:26:51'),('05f5f42e-cc77-11ec-a127-00163e08598c','05d15662-cc77-11ec-a127-00163e08598c','Kabupaten Manggarai','05dc1eb4-783f-4492-90da-04f43f73a19d','05dc1eb4-783f-4492-90da-04f43f73a19d','2022-05-05 13:26:51','2022-05-05 13:26:51'),('05f9a280-cc77-11ec-a127-00163e08598c','05d15662-cc77-11ec-a127-00163e08598c','Kabupaten Manggarai Barat','05dc1eb4-783f-4492-90da-04f43f73a19d','05dc1eb4-783f-4492-90da-04f43f73a19d','2022-05-05 13:26:51','2022-05-05 13:26:51'),('05fd4606-cc77-11ec-a127-00163e08598c','05d15662-cc77-11ec-a127-00163e08598c','Kabupaten Manggarai Timur','05dc1eb4-783f-4492-90da-04f43f73a19d','05dc1eb4-783f-4492-90da-04f43f73a19d','2022-05-05 13:26:51','2022-05-05 13:26:51'),('0600f0b3-cc77-11ec-a127-00163e08598c','05d15662-cc77-11ec-a127-00163e08598c','Kabupaten Nagekeo','05dc1eb4-783f-4492-90da-04f43f73a19d','05dc1eb4-783f-4492-90da-04f43f73a19d','2022-05-05 13:26:51','2022-05-05 13:26:51'),('0604c619-cc77-11ec-a127-00163e08598c','05d15662-cc77-11ec-a127-00163e08598c','Kabupaten Ngada','05dc1eb4-783f-4492-90da-04f43f73a19d','05dc1eb4-783f-4492-90da-04f43f73a19d','2022-05-05 13:26:51','2022-05-05 13:26:51'),('0608bb2a-cc77-11ec-a127-00163e08598c','05d15662-cc77-11ec-a127-00163e08598c','Kabupaten Rote Ndao','05dc1eb4-783f-4492-90da-04f43f73a19d','05dc1eb4-783f-4492-90da-04f43f73a19d','2022-05-05 13:26:51','2022-05-05 13:26:51'),('060c8a59-cc77-11ec-a127-00163e08598c','05d15662-cc77-11ec-a127-00163e08598c','Kabupaten Sabu Raijua','05dc1eb4-783f-4492-90da-04f43f73a19d','05dc1eb4-783f-4492-90da-04f43f73a19d','2022-05-05 13:26:51','2022-05-05 13:26:51'),('061036c3-cc77-11ec-a127-00163e08598c','05d15662-cc77-11ec-a127-00163e08598c','Kabupaten Sikka','05dc1eb4-783f-4492-90da-04f43f73a19d','05dc1eb4-783f-4492-90da-04f43f73a19d','2022-05-05 13:26:51','2022-05-05 13:26:51'),('0613dea4-cc77-11ec-a127-00163e08598c','05d15662-cc77-11ec-a127-00163e08598c','Kabupaten Sumba Barat','05dc1eb4-783f-4492-90da-04f43f73a19d','05dc1eb4-783f-4492-90da-04f43f73a19d','2022-05-05 13:26:51','2022-05-05 13:26:51'),('061786d5-cc77-11ec-a127-00163e08598c','05d15662-cc77-11ec-a127-00163e08598c','Kabupaten Sumba Barat Daya','05dc1eb4-783f-4492-90da-04f43f73a19d','05dc1eb4-783f-4492-90da-04f43f73a19d','2022-05-05 13:26:51','2022-05-05 13:26:51'),('061b7ecf-cc77-11ec-a127-00163e08598c','05d15662-cc77-11ec-a127-00163e08598c','Kabupaten Sumba Tengah','05dc1eb4-783f-4492-90da-04f43f73a19d','05dc1eb4-783f-4492-90da-04f43f73a19d','2022-05-05 13:26:51','2022-05-05 13:26:51'),('061f53d0-cc77-11ec-a127-00163e08598c','05d15662-cc77-11ec-a127-00163e08598c','Kabupaten Sumba Timur','05dc1eb4-783f-4492-90da-04f43f73a19d','05dc1eb4-783f-4492-90da-04f43f73a19d','2022-05-05 13:26:51','2022-05-05 13:26:51'),('06236def-cc77-11ec-a127-00163e08598c','05d15662-cc77-11ec-a127-00163e08598c','Kabupaten Timor Tengah Selatan','05dc1eb4-783f-4492-90da-04f43f73a19d','05dc1eb4-783f-4492-90da-04f43f73a19d','2022-05-05 13:26:51','2022-05-05 13:26:51'),('0627df12-cc77-11ec-a127-00163e08598c','05d15662-cc77-11ec-a127-00163e08598c','Kabupaten Timor Tengah Utara','05dc1eb4-783f-4492-90da-04f43f73a19d','05dc1eb4-783f-4492-90da-04f43f73a19d','2022-05-05 13:26:51','2022-05-05 13:26:51'),('062baa74-cc77-11ec-a127-00163e08598c','05d15662-cc77-11ec-a127-00163e08598c','Kota Kupang','05dc1eb4-783f-4492-90da-04f43f73a19d','05dc1eb4-783f-4492-90da-04f43f73a19d','2022-05-05 13:26:51','2022-05-05 13:26:51'),('0636d2b3-cc77-11ec-a127-00163e08598c','062f5250-cc77-11ec-a127-00163e08598c','Kabupaten Asmat','05dc1eb4-783f-4492-90da-04f43f73a19d','05dc1eb4-783f-4492-90da-04f43f73a19d','2022-05-05 13:26:51','2022-05-05 13:26:51'),('063a9f33-cc77-11ec-a127-00163e08598c','062f5250-cc77-11ec-a127-00163e08598c','Kabupaten Biak Numfor','05dc1eb4-783f-4492-90da-04f43f73a19d','05dc1eb4-783f-4492-90da-04f43f73a19d','2022-05-05 13:26:51','2022-05-05 13:26:51'),('063e6fc0-cc77-11ec-a127-00163e08598c','062f5250-cc77-11ec-a127-00163e08598c','Kabupaten Boven Digoel','05dc1eb4-783f-4492-90da-04f43f73a19d','05dc1eb4-783f-4492-90da-04f43f73a19d','2022-05-05 13:26:51','2022-05-05 13:26:51'),('064219ba-cc77-11ec-a127-00163e08598c','062f5250-cc77-11ec-a127-00163e08598c','Kabupaten Deiyai','05dc1eb4-783f-4492-90da-04f43f73a19d','05dc1eb4-783f-4492-90da-04f43f73a19d','2022-05-05 13:26:51','2022-05-05 13:26:51'),('0645f061-cc77-11ec-a127-00163e08598c','062f5250-cc77-11ec-a127-00163e08598c','Kabupaten Dogiyai','05dc1eb4-783f-4492-90da-04f43f73a19d','05dc1eb4-783f-4492-90da-04f43f73a19d','2022-05-05 13:26:52','2022-05-05 13:26:52'),('064993ed-cc77-11ec-a127-00163e08598c','062f5250-cc77-11ec-a127-00163e08598c','Kabupaten Intan Jaya','05dc1eb4-783f-4492-90da-04f43f73a19d','05dc1eb4-783f-4492-90da-04f43f73a19d','2022-05-05 13:26:52','2022-05-05 13:26:52'),('064d6762-cc77-11ec-a127-00163e08598c','062f5250-cc77-11ec-a127-00163e08598c','Kabupaten Jayapura','05dc1eb4-783f-4492-90da-04f43f73a19d','05dc1eb4-783f-4492-90da-04f43f73a19d','2022-05-05 13:26:52','2022-05-05 13:26:52'),('06510d98-cc77-11ec-a127-00163e08598c','062f5250-cc77-11ec-a127-00163e08598c','Kabupaten Jayawijaya','05dc1eb4-783f-4492-90da-04f43f73a19d','05dc1eb4-783f-4492-90da-04f43f73a19d','2022-05-05 13:26:52','2022-05-05 13:26:52'),('0654dedf-cc77-11ec-a127-00163e08598c','062f5250-cc77-11ec-a127-00163e08598c','Kabupaten Keerom','05dc1eb4-783f-4492-90da-04f43f73a19d','05dc1eb4-783f-4492-90da-04f43f73a19d','2022-05-05 13:26:52','2022-05-05 13:26:52'),('0658fd4a-cc77-11ec-a127-00163e08598c','062f5250-cc77-11ec-a127-00163e08598c','Kabupaten Kepulauan Yapen','05dc1eb4-783f-4492-90da-04f43f73a19d','05dc1eb4-783f-4492-90da-04f43f73a19d','2022-05-05 13:26:52','2022-05-05 13:26:52'),('065ca5c5-cc77-11ec-a127-00163e08598c','062f5250-cc77-11ec-a127-00163e08598c','Kabupaten Lanny Jaya','05dc1eb4-783f-4492-90da-04f43f73a19d','05dc1eb4-783f-4492-90da-04f43f73a19d','2022-05-05 13:26:52','2022-05-05 13:26:52'),('06607562-cc77-11ec-a127-00163e08598c','062f5250-cc77-11ec-a127-00163e08598c','Kabupaten Mamberamo Raya','05dc1eb4-783f-4492-90da-04f43f73a19d','05dc1eb4-783f-4492-90da-04f43f73a19d','2022-05-05 13:26:52','2022-05-05 13:26:52'),('06644a27-cc77-11ec-a127-00163e08598c','062f5250-cc77-11ec-a127-00163e08598c','Kabupaten Mamberamo Tengah','05dc1eb4-783f-4492-90da-04f43f73a19d','05dc1eb4-783f-4492-90da-04f43f73a19d','2022-05-05 13:26:52','2022-05-05 13:26:52'),('06681860-cc77-11ec-a127-00163e08598c','062f5250-cc77-11ec-a127-00163e08598c','Kabupaten Mappi','05dc1eb4-783f-4492-90da-04f43f73a19d','05dc1eb4-783f-4492-90da-04f43f73a19d','2022-05-05 13:26:52','2022-05-05 13:26:52'),('066c88c0-cc77-11ec-a127-00163e08598c','062f5250-cc77-11ec-a127-00163e08598c','Kabupaten Merauke','05dc1eb4-783f-4492-90da-04f43f73a19d','05dc1eb4-783f-4492-90da-04f43f73a19d','2022-05-05 13:26:52','2022-05-05 13:26:52'),('06702d52-cc77-11ec-a127-00163e08598c','062f5250-cc77-11ec-a127-00163e08598c','Kabupaten Mimika','05dc1eb4-783f-4492-90da-04f43f73a19d','05dc1eb4-783f-4492-90da-04f43f73a19d','2022-05-05 13:26:52','2022-05-05 13:26:52'),('0673feeb-cc77-11ec-a127-00163e08598c','062f5250-cc77-11ec-a127-00163e08598c','Kabupaten Nabire','05dc1eb4-783f-4492-90da-04f43f73a19d','05dc1eb4-783f-4492-90da-04f43f73a19d','2022-05-05 13:26:52','2022-05-05 13:26:52'),('0677a8c7-cc77-11ec-a127-00163e08598c','062f5250-cc77-11ec-a127-00163e08598c','Kabupaten Nduga','05dc1eb4-783f-4492-90da-04f43f73a19d','05dc1eb4-783f-4492-90da-04f43f73a19d','2022-05-05 13:26:52','2022-05-05 13:26:52'),('067b52e9-cc77-11ec-a127-00163e08598c','062f5250-cc77-11ec-a127-00163e08598c','Kabupaten Paniai','05dc1eb4-783f-4492-90da-04f43f73a19d','05dc1eb4-783f-4492-90da-04f43f73a19d','2022-05-05 13:26:52','2022-05-05 13:26:52'),('067efa47-cc77-11ec-a127-00163e08598c','062f5250-cc77-11ec-a127-00163e08598c','Kabupaten Pegunungan Bintang','05dc1eb4-783f-4492-90da-04f43f73a19d','05dc1eb4-783f-4492-90da-04f43f73a19d','2022-05-05 13:26:52','2022-05-05 13:26:52'),('0682aa78-cc77-11ec-a127-00163e08598c','062f5250-cc77-11ec-a127-00163e08598c','Kabupaten Puncak','05dc1eb4-783f-4492-90da-04f43f73a19d','05dc1eb4-783f-4492-90da-04f43f73a19d','2022-05-05 13:26:52','2022-05-05 13:26:52'),('0686736b-cc77-11ec-a127-00163e08598c','062f5250-cc77-11ec-a127-00163e08598c','Kabupaten Puncak Jaya','05dc1eb4-783f-4492-90da-04f43f73a19d','05dc1eb4-783f-4492-90da-04f43f73a19d','2022-05-05 13:26:52','2022-05-05 13:26:52'),('0689f7bb-cc77-11ec-a127-00163e08598c','062f5250-cc77-11ec-a127-00163e08598c','Kabupaten Sarmi','05dc1eb4-783f-4492-90da-04f43f73a19d','05dc1eb4-783f-4492-90da-04f43f73a19d','2022-05-05 13:26:52','2022-05-05 13:26:52'),('068da0eb-cc77-11ec-a127-00163e08598c','062f5250-cc77-11ec-a127-00163e08598c','Kabupaten Supiori','05dc1eb4-783f-4492-90da-04f43f73a19d','05dc1eb4-783f-4492-90da-04f43f73a19d','2022-05-05 13:26:52','2022-05-05 13:26:52'),('06917627-cc77-11ec-a127-00163e08598c','062f5250-cc77-11ec-a127-00163e08598c','Kabupaten Tolikara','05dc1eb4-783f-4492-90da-04f43f73a19d','05dc1eb4-783f-4492-90da-04f43f73a19d','2022-05-05 13:26:52','2022-05-05 13:26:52'),('06954329-cc77-11ec-a127-00163e08598c','062f5250-cc77-11ec-a127-00163e08598c','Kabupaten Waropen','05dc1eb4-783f-4492-90da-04f43f73a19d','05dc1eb4-783f-4492-90da-04f43f73a19d','2022-05-05 13:26:52','2022-05-05 13:26:52'),('0698f001-cc77-11ec-a127-00163e08598c','062f5250-cc77-11ec-a127-00163e08598c','Kabupaten Yahukimo','05dc1eb4-783f-4492-90da-04f43f73a19d','05dc1eb4-783f-4492-90da-04f43f73a19d','2022-05-05 13:26:52','2022-05-05 13:26:52'),('069cbd80-cc77-11ec-a127-00163e08598c','062f5250-cc77-11ec-a127-00163e08598c','Kabupaten Yalimo','05dc1eb4-783f-4492-90da-04f43f73a19d','05dc1eb4-783f-4492-90da-04f43f73a19d','2022-05-05 13:26:52','2022-05-05 13:26:52'),('06a06714-cc77-11ec-a127-00163e08598c','062f5250-cc77-11ec-a127-00163e08598c','Kota Jayapura','05dc1eb4-783f-4492-90da-04f43f73a19d','05dc1eb4-783f-4492-90da-04f43f73a19d','2022-05-05 13:26:52','2022-05-05 13:26:52'),('06ab8da9-cc77-11ec-a127-00163e08598c','06a435a0-cc77-11ec-a127-00163e08598c','Kabupaten Fakfak','05dc1eb4-783f-4492-90da-04f43f73a19d','05dc1eb4-783f-4492-90da-04f43f73a19d','2022-05-05 13:26:52','2022-05-05 13:26:52'),('06af3429-cc77-11ec-a127-00163e08598c','06a435a0-cc77-11ec-a127-00163e08598c','Kabupaten Kaimana','05dc1eb4-783f-4492-90da-04f43f73a19d','05dc1eb4-783f-4492-90da-04f43f73a19d','2022-05-05 13:26:52','2022-05-05 13:26:52'),('06b2dd8a-cc77-11ec-a127-00163e08598c','06a435a0-cc77-11ec-a127-00163e08598c','Kabupaten Manokwari','05dc1eb4-783f-4492-90da-04f43f73a19d','05dc1eb4-783f-4492-90da-04f43f73a19d','2022-05-05 13:26:52','2022-05-05 13:26:52'),('06b6d810-cc77-11ec-a127-00163e08598c','06a435a0-cc77-11ec-a127-00163e08598c','Kabupaten Manokwari Selatan','05dc1eb4-783f-4492-90da-04f43f73a19d','05dc1eb4-783f-4492-90da-04f43f73a19d','2022-05-05 13:26:52','2022-05-05 13:26:52'),('06baa847-cc77-11ec-a127-00163e08598c','06a435a0-cc77-11ec-a127-00163e08598c','Kabupaten Maybrat','05dc1eb4-783f-4492-90da-04f43f73a19d','05dc1eb4-783f-4492-90da-04f43f73a19d','2022-05-05 13:26:52','2022-05-05 13:26:52'),('06bec39c-cc77-11ec-a127-00163e08598c','06a435a0-cc77-11ec-a127-00163e08598c','Kabupaten Pegunungan Arfak','05dc1eb4-783f-4492-90da-04f43f73a19d','05dc1eb4-783f-4492-90da-04f43f73a19d','2022-05-05 13:26:52','2022-05-05 13:26:52'),('06c2928f-cc77-11ec-a127-00163e08598c','06a435a0-cc77-11ec-a127-00163e08598c','Kabupaten Raja Ampat','05dc1eb4-783f-4492-90da-04f43f73a19d','05dc1eb4-783f-4492-90da-04f43f73a19d','2022-05-05 13:26:52','2022-05-05 13:26:52'),('06c64149-cc77-11ec-a127-00163e08598c','06a435a0-cc77-11ec-a127-00163e08598c','Kabupaten Sorong','05dc1eb4-783f-4492-90da-04f43f73a19d','05dc1eb4-783f-4492-90da-04f43f73a19d','2022-05-05 13:26:52','2022-05-05 13:26:52'),('06ca0f34-cc77-11ec-a127-00163e08598c','06a435a0-cc77-11ec-a127-00163e08598c','Kabupaten Sorong Selatan','05dc1eb4-783f-4492-90da-04f43f73a19d','05dc1eb4-783f-4492-90da-04f43f73a19d','2022-05-05 13:26:52','2022-05-05 13:26:52'),('06cdde71-cc77-11ec-a127-00163e08598c','06a435a0-cc77-11ec-a127-00163e08598c','Kabupaten Tambrauw','05dc1eb4-783f-4492-90da-04f43f73a19d','05dc1eb4-783f-4492-90da-04f43f73a19d','2022-05-05 13:26:52','2022-05-05 13:26:52'),('06d1b272-cc77-11ec-a127-00163e08598c','06a435a0-cc77-11ec-a127-00163e08598c','Kabupaten Teluk Bintuni','05dc1eb4-783f-4492-90da-04f43f73a19d','05dc1eb4-783f-4492-90da-04f43f73a19d','2022-05-05 13:26:52','2022-05-05 13:26:52'),('06d57feb-cc77-11ec-a127-00163e08598c','06a435a0-cc77-11ec-a127-00163e08598c','Kabupaten Teluk Wondama','05dc1eb4-783f-4492-90da-04f43f73a19d','05dc1eb4-783f-4492-90da-04f43f73a19d','2022-05-05 13:26:52','2022-05-05 13:26:52'),('06d95050-cc77-11ec-a127-00163e08598c','06a435a0-cc77-11ec-a127-00163e08598c','Kota Sorong','05dc1eb4-783f-4492-90da-04f43f73a19d','05dc1eb4-783f-4492-90da-04f43f73a19d','2022-05-05 13:26:52','2022-05-05 13:26:52'),('06edc1bf-cc77-11ec-a127-00163e08598c','06dd1f16-cc77-11ec-a127-00163e08598c','Kabupaten Bengkalis','05dc1eb4-783f-4492-90da-04f43f73a19d','05dc1eb4-783f-4492-90da-04f43f73a19d','2022-05-05 13:26:53','2022-05-05 13:26:53'),('06f16d74-cc77-11ec-a127-00163e08598c','06dd1f16-cc77-11ec-a127-00163e08598c','Kabupaten Indragiri Hilir','05dc1eb4-783f-4492-90da-04f43f73a19d','05dc1eb4-783f-4492-90da-04f43f73a19d','2022-05-05 13:26:53','2022-05-05 13:26:53'),('06f5401f-cc77-11ec-a127-00163e08598c','06dd1f16-cc77-11ec-a127-00163e08598c','Kabupaten Indragiri Hulu','05dc1eb4-783f-4492-90da-04f43f73a19d','05dc1eb4-783f-4492-90da-04f43f73a19d','2022-05-05 13:26:53','2022-05-05 13:26:53'),('06f8e995-cc77-11ec-a127-00163e08598c','06dd1f16-cc77-11ec-a127-00163e08598c','Kabupaten Kampar','05dc1eb4-783f-4492-90da-04f43f73a19d','05dc1eb4-783f-4492-90da-04f43f73a19d','2022-05-05 13:26:53','2022-05-05 13:26:53'),('06fcdf02-cc77-11ec-a127-00163e08598c','06dd1f16-cc77-11ec-a127-00163e08598c','Kabupaten Kepulauan Meranti','05dc1eb4-783f-4492-90da-04f43f73a19d','05dc1eb4-783f-4492-90da-04f43f73a19d','2022-05-05 13:26:53','2022-05-05 13:26:53'),('07008892-cc77-11ec-a127-00163e08598c','06dd1f16-cc77-11ec-a127-00163e08598c','Kabupaten Kuantan Singingi','05dc1eb4-783f-4492-90da-04f43f73a19d','05dc1eb4-783f-4492-90da-04f43f73a19d','2022-05-05 13:26:53','2022-05-05 13:26:53'),('07045853-cc77-11ec-a127-00163e08598c','06dd1f16-cc77-11ec-a127-00163e08598c','Kabupaten Pelalawan','05dc1eb4-783f-4492-90da-04f43f73a19d','05dc1eb4-783f-4492-90da-04f43f73a19d','2022-05-05 13:26:53','2022-05-05 13:26:53'),('0708276d-cc77-11ec-a127-00163e08598c','06dd1f16-cc77-11ec-a127-00163e08598c','Kabupaten Rokan Hilir','05dc1eb4-783f-4492-90da-04f43f73a19d','05dc1eb4-783f-4492-90da-04f43f73a19d','2022-05-05 13:26:53','2022-05-05 13:26:53'),('070bd337-cc77-11ec-a127-00163e08598c','06dd1f16-cc77-11ec-a127-00163e08598c','Kabupaten Rokan Hulu','05dc1eb4-783f-4492-90da-04f43f73a19d','05dc1eb4-783f-4492-90da-04f43f73a19d','2022-05-05 13:26:53','2022-05-05 13:26:53'),('070f809b-cc77-11ec-a127-00163e08598c','06dd1f16-cc77-11ec-a127-00163e08598c','Kabupaten Siak','05dc1eb4-783f-4492-90da-04f43f73a19d','05dc1eb4-783f-4492-90da-04f43f73a19d','2022-05-05 13:26:53','2022-05-05 13:26:53'),('071325ca-cc77-11ec-a127-00163e08598c','06dd1f16-cc77-11ec-a127-00163e08598c','Kota Dumai','05dc1eb4-783f-4492-90da-04f43f73a19d','05dc1eb4-783f-4492-90da-04f43f73a19d','2022-05-05 13:26:53','2022-05-05 13:26:53'),('0716f536-cc77-11ec-a127-00163e08598c','06dd1f16-cc77-11ec-a127-00163e08598c','Kota Pekanbaru','05dc1eb4-783f-4492-90da-04f43f73a19d','05dc1eb4-783f-4492-90da-04f43f73a19d','2022-05-05 13:26:53','2022-05-05 13:26:53'),('07230b34-cc77-11ec-a127-00163e08598c','071aeac5-cc77-11ec-a127-00163e08598c','Kabupaten Majene','05dc1eb4-783f-4492-90da-04f43f73a19d','05dc1eb4-783f-4492-90da-04f43f73a19d','2022-05-05 13:26:53','2022-05-05 13:26:53'),('0726d6e5-cc77-11ec-a127-00163e08598c','071aeac5-cc77-11ec-a127-00163e08598c','Kabupaten Mamasa','05dc1eb4-783f-4492-90da-04f43f73a19d','05dc1eb4-783f-4492-90da-04f43f73a19d','2022-05-05 13:26:53','2022-05-05 13:26:53'),('072af6fa-cc77-11ec-a127-00163e08598c','071aeac5-cc77-11ec-a127-00163e08598c','Kabupaten Mamuju','05dc1eb4-783f-4492-90da-04f43f73a19d','05dc1eb4-783f-4492-90da-04f43f73a19d','2022-05-05 13:26:53','2022-05-05 13:26:53'),('072ec473-cc77-11ec-a127-00163e08598c','071aeac5-cc77-11ec-a127-00163e08598c','Kabupaten Mamuju Tengah','05dc1eb4-783f-4492-90da-04f43f73a19d','05dc1eb4-783f-4492-90da-04f43f73a19d','2022-05-05 13:26:53','2022-05-05 13:26:53'),('0732940f-cc77-11ec-a127-00163e08598c','071aeac5-cc77-11ec-a127-00163e08598c','Kabupaten Pasangkayu','05dc1eb4-783f-4492-90da-04f43f73a19d','05dc1eb4-783f-4492-90da-04f43f73a19d','2022-05-05 13:26:53','2022-05-05 13:26:53'),('0737a106-cc77-11ec-a127-00163e08598c','071aeac5-cc77-11ec-a127-00163e08598c','Kabupaten Polewali Mandar','05dc1eb4-783f-4492-90da-04f43f73a19d','05dc1eb4-783f-4492-90da-04f43f73a19d','2022-05-05 13:26:53','2022-05-05 13:26:53'),('0743fc43-cc77-11ec-a127-00163e08598c','073ca56e-cc77-11ec-a127-00163e08598c','Kabupaten Bantaeng','05dc1eb4-783f-4492-90da-04f43f73a19d','05dc1eb4-783f-4492-90da-04f43f73a19d','2022-05-05 13:26:53','2022-05-05 13:26:53'),('0749c984-cc77-11ec-a127-00163e08598c','073ca56e-cc77-11ec-a127-00163e08598c','Kabupaten Barru','05dc1eb4-783f-4492-90da-04f43f73a19d','05dc1eb4-783f-4492-90da-04f43f73a19d','2022-05-05 13:26:53','2022-05-05 13:26:53'),('074e8514-cc77-11ec-a127-00163e08598c','073ca56e-cc77-11ec-a127-00163e08598c','Kabupaten Bone','05dc1eb4-783f-4492-90da-04f43f73a19d','05dc1eb4-783f-4492-90da-04f43f73a19d','2022-05-05 13:26:53','2022-05-05 13:26:53'),('0752568c-cc77-11ec-a127-00163e08598c','073ca56e-cc77-11ec-a127-00163e08598c','Kabupaten Bulukumba','05dc1eb4-783f-4492-90da-04f43f73a19d','05dc1eb4-783f-4492-90da-04f43f73a19d','2022-05-05 13:26:53','2022-05-05 13:26:53'),('07578581-cc77-11ec-a127-00163e08598c','073ca56e-cc77-11ec-a127-00163e08598c','Kabupaten Enrekang','05dc1eb4-783f-4492-90da-04f43f73a19d','05dc1eb4-783f-4492-90da-04f43f73a19d','2022-05-05 13:26:53','2022-05-05 13:26:53'),('075c3f95-cc77-11ec-a127-00163e08598c','073ca56e-cc77-11ec-a127-00163e08598c','Kabupaten Gowa','05dc1eb4-783f-4492-90da-04f43f73a19d','05dc1eb4-783f-4492-90da-04f43f73a19d','2022-05-05 13:26:53','2022-05-05 13:26:53'),('07605e68-cc77-11ec-a127-00163e08598c','073ca56e-cc77-11ec-a127-00163e08598c','Kabupaten Jeneponto','05dc1eb4-783f-4492-90da-04f43f73a19d','05dc1eb4-783f-4492-90da-04f43f73a19d','2022-05-05 13:26:53','2022-05-05 13:26:53'),('0765b5db-cc77-11ec-a127-00163e08598c','073ca56e-cc77-11ec-a127-00163e08598c','Kabupaten Kepulauan Selayar','05dc1eb4-783f-4492-90da-04f43f73a19d','05dc1eb4-783f-4492-90da-04f43f73a19d','2022-05-05 13:26:53','2022-05-05 13:26:53'),('076a6bdb-cc77-11ec-a127-00163e08598c','073ca56e-cc77-11ec-a127-00163e08598c','Kabupaten Luwu','05dc1eb4-783f-4492-90da-04f43f73a19d','05dc1eb4-783f-4492-90da-04f43f73a19d','2022-05-05 13:26:53','2022-05-05 13:26:53'),('076e6783-cc77-11ec-a127-00163e08598c','073ca56e-cc77-11ec-a127-00163e08598c','Kabupaten Luwu Timur','05dc1eb4-783f-4492-90da-04f43f73a19d','05dc1eb4-783f-4492-90da-04f43f73a19d','2022-05-05 13:26:53','2022-05-05 13:26:53'),('0772d1d5-cc77-11ec-a127-00163e08598c','073ca56e-cc77-11ec-a127-00163e08598c','Kabupaten Luwu Utara','05dc1eb4-783f-4492-90da-04f43f73a19d','05dc1eb4-783f-4492-90da-04f43f73a19d','2022-05-05 13:26:53','2022-05-05 13:26:53'),('07768024-cc77-11ec-a127-00163e08598c','073ca56e-cc77-11ec-a127-00163e08598c','Kabupaten Maros','05dc1eb4-783f-4492-90da-04f43f73a19d','05dc1eb4-783f-4492-90da-04f43f73a19d','2022-05-05 13:26:54','2022-05-05 13:26:54'),('077b390c-cc77-11ec-a127-00163e08598c','073ca56e-cc77-11ec-a127-00163e08598c','Kabupaten Pangkajene dan Kepulauan','05dc1eb4-783f-4492-90da-04f43f73a19d','05dc1eb4-783f-4492-90da-04f43f73a19d','2022-05-05 13:26:54','2022-05-05 13:26:54'),('077fce1f-cc77-11ec-a127-00163e08598c','073ca56e-cc77-11ec-a127-00163e08598c','Kabupaten Pinrang','05dc1eb4-783f-4492-90da-04f43f73a19d','05dc1eb4-783f-4492-90da-04f43f73a19d','2022-05-05 13:26:54','2022-05-05 13:26:54'),('07843ab6-cc77-11ec-a127-00163e08598c','073ca56e-cc77-11ec-a127-00163e08598c','Kabupaten Sidenreng Rappang','05dc1eb4-783f-4492-90da-04f43f73a19d','05dc1eb4-783f-4492-90da-04f43f73a19d','2022-05-05 13:26:54','2022-05-05 13:26:54'),('07885a8c-cc77-11ec-a127-00163e08598c','073ca56e-cc77-11ec-a127-00163e08598c','Kabupaten Sinjai','05dc1eb4-783f-4492-90da-04f43f73a19d','05dc1eb4-783f-4492-90da-04f43f73a19d','2022-05-05 13:26:54','2022-05-05 13:26:54'),('078d3c1f-cc77-11ec-a127-00163e08598c','073ca56e-cc77-11ec-a127-00163e08598c','Kabupaten Soppeng','05dc1eb4-783f-4492-90da-04f43f73a19d','05dc1eb4-783f-4492-90da-04f43f73a19d','2022-05-05 13:26:54','2022-05-05 13:26:54'),('0791ac87-cc77-11ec-a127-00163e08598c','073ca56e-cc77-11ec-a127-00163e08598c','Kabupaten Takalar','05dc1eb4-783f-4492-90da-04f43f73a19d','05dc1eb4-783f-4492-90da-04f43f73a19d','2022-05-05 13:26:54','2022-05-05 13:26:54'),('079689cf-cc77-11ec-a127-00163e08598c','073ca56e-cc77-11ec-a127-00163e08598c','Kabupaten Tana Toraja','05dc1eb4-783f-4492-90da-04f43f73a19d','05dc1eb4-783f-4492-90da-04f43f73a19d','2022-05-05 13:26:54','2022-05-05 13:26:54'),('079be26e-cc77-11ec-a127-00163e08598c','073ca56e-cc77-11ec-a127-00163e08598c','Kabupaten Toraja Utara','05dc1eb4-783f-4492-90da-04f43f73a19d','05dc1eb4-783f-4492-90da-04f43f73a19d','2022-05-05 13:26:54','2022-05-05 13:26:54'),('079ffc7e-cc77-11ec-a127-00163e08598c','073ca56e-cc77-11ec-a127-00163e08598c','Kabupaten Wajo','05dc1eb4-783f-4492-90da-04f43f73a19d','05dc1eb4-783f-4492-90da-04f43f73a19d','2022-05-05 13:26:54','2022-05-05 13:26:54'),('07a44730-cc77-11ec-a127-00163e08598c','073ca56e-cc77-11ec-a127-00163e08598c','Kota Makassar','05dc1eb4-783f-4492-90da-04f43f73a19d','05dc1eb4-783f-4492-90da-04f43f73a19d','2022-05-05 13:26:54','2022-05-05 13:26:54'),('07a81723-cc77-11ec-a127-00163e08598c','073ca56e-cc77-11ec-a127-00163e08598c','Kota Palopo','05dc1eb4-783f-4492-90da-04f43f73a19d','05dc1eb4-783f-4492-90da-04f43f73a19d','2022-05-05 13:26:54','2022-05-05 13:26:54'),('07aeaa01-cc77-11ec-a127-00163e08598c','073ca56e-cc77-11ec-a127-00163e08598c','Kota Parepare','05dc1eb4-783f-4492-90da-04f43f73a19d','05dc1eb4-783f-4492-90da-04f43f73a19d','2022-05-05 13:26:54','2022-05-05 13:26:54'),('07bab2d0-cc77-11ec-a127-00163e08598c','07b2e74c-cc77-11ec-a127-00163e08598c','Kabupaten Banggai','05dc1eb4-783f-4492-90da-04f43f73a19d','05dc1eb4-783f-4492-90da-04f43f73a19d','2022-05-05 13:26:54','2022-05-05 13:26:54'),('07bed45d-cc77-11ec-a127-00163e08598c','07b2e74c-cc77-11ec-a127-00163e08598c','Kabupaten Banggai Kepulauan','05dc1eb4-783f-4492-90da-04f43f73a19d','05dc1eb4-783f-4492-90da-04f43f73a19d','2022-05-05 13:26:54','2022-05-05 13:26:54'),('07c4a149-cc77-11ec-a127-00163e08598c','07b2e74c-cc77-11ec-a127-00163e08598c','Kabupaten Banggai Laut','05dc1eb4-783f-4492-90da-04f43f73a19d','05dc1eb4-783f-4492-90da-04f43f73a19d','2022-05-05 13:26:54','2022-05-05 13:26:54'),('07c86e88-cc77-11ec-a127-00163e08598c','07b2e74c-cc77-11ec-a127-00163e08598c','Kabupaten Buol','05dc1eb4-783f-4492-90da-04f43f73a19d','05dc1eb4-783f-4492-90da-04f43f73a19d','2022-05-05 13:26:54','2022-05-05 13:26:54'),('07ce3dd1-cc77-11ec-a127-00163e08598c','07b2e74c-cc77-11ec-a127-00163e08598c','Kabupaten Donggala','05dc1eb4-783f-4492-90da-04f43f73a19d','05dc1eb4-783f-4492-90da-04f43f73a19d','2022-05-05 13:26:54','2022-05-05 13:26:54'),('07d25c6f-cc77-11ec-a127-00163e08598c','07b2e74c-cc77-11ec-a127-00163e08598c','Kabupaten Morowali','05dc1eb4-783f-4492-90da-04f43f73a19d','05dc1eb4-783f-4492-90da-04f43f73a19d','2022-05-05 13:26:54','2022-05-05 13:26:54'),('07d69ba0-cc77-11ec-a127-00163e08598c','07b2e74c-cc77-11ec-a127-00163e08598c','Kabupaten Morowali Utara','05dc1eb4-783f-4492-90da-04f43f73a19d','05dc1eb4-783f-4492-90da-04f43f73a19d','2022-05-05 13:26:54','2022-05-05 13:26:54'),('07db0cd1-cc77-11ec-a127-00163e08598c','07b2e74c-cc77-11ec-a127-00163e08598c','Kabupaten Parigi Moutong','05dc1eb4-783f-4492-90da-04f43f73a19d','05dc1eb4-783f-4492-90da-04f43f73a19d','2022-05-05 13:26:54','2022-05-05 13:26:54'),('07df097a-cc77-11ec-a127-00163e08598c','07b2e74c-cc77-11ec-a127-00163e08598c','Kabupaten Poso','05dc1eb4-783f-4492-90da-04f43f73a19d','05dc1eb4-783f-4492-90da-04f43f73a19d','2022-05-05 13:26:54','2022-05-05 13:26:54'),('07e3e730-cc77-11ec-a127-00163e08598c','07b2e74c-cc77-11ec-a127-00163e08598c','Kabupaten Sigi','05dc1eb4-783f-4492-90da-04f43f73a19d','05dc1eb4-783f-4492-90da-04f43f73a19d','2022-05-05 13:26:54','2022-05-05 13:26:54'),('07e8a275-cc77-11ec-a127-00163e08598c','07b2e74c-cc77-11ec-a127-00163e08598c','Kabupaten Tojo Una-Una','05dc1eb4-783f-4492-90da-04f43f73a19d','05dc1eb4-783f-4492-90da-04f43f73a19d','2022-05-05 13:26:54','2022-05-05 13:26:54'),('07ed5d98-cc77-11ec-a127-00163e08598c','07b2e74c-cc77-11ec-a127-00163e08598c','Kabupaten Tolitoli','05dc1eb4-783f-4492-90da-04f43f73a19d','05dc1eb4-783f-4492-90da-04f43f73a19d','2022-05-05 13:26:54','2022-05-05 13:26:54'),('07f128c2-cc77-11ec-a127-00163e08598c','07b2e74c-cc77-11ec-a127-00163e08598c','Kota Palu','05dc1eb4-783f-4492-90da-04f43f73a19d','05dc1eb4-783f-4492-90da-04f43f73a19d','2022-05-05 13:26:54','2022-05-05 13:26:54'),('07fc02ac-cc77-11ec-a127-00163e08598c','07f4d0af-cc77-11ec-a127-00163e08598c','Kabupaten Bombana','05dc1eb4-783f-4492-90da-04f43f73a19d','05dc1eb4-783f-4492-90da-04f43f73a19d','2022-05-05 13:26:54','2022-05-05 13:26:54'),('07ffab7b-cc77-11ec-a127-00163e08598c','07f4d0af-cc77-11ec-a127-00163e08598c','Kabupaten Buton','05dc1eb4-783f-4492-90da-04f43f73a19d','05dc1eb4-783f-4492-90da-04f43f73a19d','2022-05-05 13:26:54','2022-05-05 13:26:54'),('08037ba3-cc77-11ec-a127-00163e08598c','07f4d0af-cc77-11ec-a127-00163e08598c','Kabupaten Buton Selatan','05dc1eb4-783f-4492-90da-04f43f73a19d','05dc1eb4-783f-4492-90da-04f43f73a19d','2022-05-05 13:26:54','2022-05-05 13:26:54'),('080728d6-cc77-11ec-a127-00163e08598c','07f4d0af-cc77-11ec-a127-00163e08598c','Kabupaten Buton Tengah','05dc1eb4-783f-4492-90da-04f43f73a19d','05dc1eb4-783f-4492-90da-04f43f73a19d','2022-05-05 13:26:54','2022-05-05 13:26:54'),('080bb9f1-cc77-11ec-a127-00163e08598c','07f4d0af-cc77-11ec-a127-00163e08598c','Kabupaten Buton Utara','05dc1eb4-783f-4492-90da-04f43f73a19d','05dc1eb4-783f-4492-90da-04f43f73a19d','2022-05-05 13:26:54','2022-05-05 13:26:54'),('080f876f-cc77-11ec-a127-00163e08598c','07f4d0af-cc77-11ec-a127-00163e08598c','Kabupaten Kolaka','05dc1eb4-783f-4492-90da-04f43f73a19d','05dc1eb4-783f-4492-90da-04f43f73a19d','2022-05-05 13:26:55','2022-05-05 13:26:55'),('081331be-cc77-11ec-a127-00163e08598c','07f4d0af-cc77-11ec-a127-00163e08598c','Kabupaten Kolaka Timur','05dc1eb4-783f-4492-90da-04f43f73a19d','05dc1eb4-783f-4492-90da-04f43f73a19d','2022-05-05 13:26:55','2022-05-05 13:26:55'),('081752c0-cc77-11ec-a127-00163e08598c','07f4d0af-cc77-11ec-a127-00163e08598c','Kabupaten Kolaka Utara','05dc1eb4-783f-4492-90da-04f43f73a19d','05dc1eb4-783f-4492-90da-04f43f73a19d','2022-05-05 13:26:55','2022-05-05 13:26:55'),('081afa76-cc77-11ec-a127-00163e08598c','07f4d0af-cc77-11ec-a127-00163e08598c','Kabupaten Konawe','05dc1eb4-783f-4492-90da-04f43f73a19d','05dc1eb4-783f-4492-90da-04f43f73a19d','2022-05-05 13:26:55','2022-05-05 13:26:55'),('081ef451-cc77-11ec-a127-00163e08598c','07f4d0af-cc77-11ec-a127-00163e08598c','Kabupaten Konawe Kepulauan','05dc1eb4-783f-4492-90da-04f43f73a19d','05dc1eb4-783f-4492-90da-04f43f73a19d','2022-05-05 13:26:55','2022-05-05 13:26:55'),('0822c46e-cc77-11ec-a127-00163e08598c','07f4d0af-cc77-11ec-a127-00163e08598c','Kabupaten Konawe Selatan','05dc1eb4-783f-4492-90da-04f43f73a19d','05dc1eb4-783f-4492-90da-04f43f73a19d','2022-05-05 13:26:55','2022-05-05 13:26:55'),('0827a7df-cc77-11ec-a127-00163e08598c','07f4d0af-cc77-11ec-a127-00163e08598c','Kabupaten Konawe Utara','05dc1eb4-783f-4492-90da-04f43f73a19d','05dc1eb4-783f-4492-90da-04f43f73a19d','2022-05-05 13:26:55','2022-05-05 13:26:55'),('082bc457-cc77-11ec-a127-00163e08598c','07f4d0af-cc77-11ec-a127-00163e08598c','Kabupaten Muna','05dc1eb4-783f-4492-90da-04f43f73a19d','05dc1eb4-783f-4492-90da-04f43f73a19d','2022-05-05 13:26:55','2022-05-05 13:26:55'),('082fbb7b-cc77-11ec-a127-00163e08598c','07f4d0af-cc77-11ec-a127-00163e08598c','Kabupaten Muna Barat','05dc1eb4-783f-4492-90da-04f43f73a19d','05dc1eb4-783f-4492-90da-04f43f73a19d','2022-05-05 13:26:55','2022-05-05 13:26:55'),('0833b04c-cc77-11ec-a127-00163e08598c','07f4d0af-cc77-11ec-a127-00163e08598c','Kabupaten Wakatobi','05dc1eb4-783f-4492-90da-04f43f73a19d','05dc1eb4-783f-4492-90da-04f43f73a19d','2022-05-05 13:26:55','2022-05-05 13:26:55'),('083781b8-cc77-11ec-a127-00163e08598c','07f4d0af-cc77-11ec-a127-00163e08598c','Kabupaten Baubau','05dc1eb4-783f-4492-90da-04f43f73a19d','05dc1eb4-783f-4492-90da-04f43f73a19d','2022-05-05 13:26:55','2022-05-05 13:26:55'),('083b5366-cc77-11ec-a127-00163e08598c','07f4d0af-cc77-11ec-a127-00163e08598c','Kota Kendari','05dc1eb4-783f-4492-90da-04f43f73a19d','05dc1eb4-783f-4492-90da-04f43f73a19d','2022-05-05 13:26:55','2022-05-05 13:26:55'),('0846a043-cc77-11ec-a127-00163e08598c','083efcfa-cc77-11ec-a127-00163e08598c','Kabupaten Bolaang Mongondow','05dc1eb4-783f-4492-90da-04f43f73a19d','05dc1eb4-783f-4492-90da-04f43f73a19d','2022-05-05 13:26:55','2022-05-05 13:26:55'),('084abfee-cc77-11ec-a127-00163e08598c','083efcfa-cc77-11ec-a127-00163e08598c','Kabupaten Bolaang Mongondow Selatan','05dc1eb4-783f-4492-90da-04f43f73a19d','05dc1eb4-783f-4492-90da-04f43f73a19d','2022-05-05 13:26:55','2022-05-05 13:26:55'),('084fee59-cc77-11ec-a127-00163e08598c','083efcfa-cc77-11ec-a127-00163e08598c','Kabupaten Bolaang Mongondow Timur','05dc1eb4-783f-4492-90da-04f43f73a19d','05dc1eb4-783f-4492-90da-04f43f73a19d','2022-05-05 13:26:55','2022-05-05 13:26:55'),('0853bec1-cc77-11ec-a127-00163e08598c','083efcfa-cc77-11ec-a127-00163e08598c','Kabupaten Bolaang Mongondow Utara','05dc1eb4-783f-4492-90da-04f43f73a19d','05dc1eb4-783f-4492-90da-04f43f73a19d','2022-05-05 13:26:55','2022-05-05 13:26:55'),('0857671c-cc77-11ec-a127-00163e08598c','083efcfa-cc77-11ec-a127-00163e08598c','Kabupaten Kepulauan Sangihe','05dc1eb4-783f-4492-90da-04f43f73a19d','05dc1eb4-783f-4492-90da-04f43f73a19d','2022-05-05 13:26:55','2022-05-05 13:26:55'),('085b5e9a-cc77-11ec-a127-00163e08598c','083efcfa-cc77-11ec-a127-00163e08598c','Kabupaten Kepulauan Siau Tagulandang Biaro','05dc1eb4-783f-4492-90da-04f43f73a19d','05dc1eb4-783f-4492-90da-04f43f73a19d','2022-05-05 13:26:55','2022-05-05 13:26:55'),('085f3057-cc77-11ec-a127-00163e08598c','083efcfa-cc77-11ec-a127-00163e08598c','Kabupaten Kepulauan Talaud','05dc1eb4-783f-4492-90da-04f43f73a19d','05dc1eb4-783f-4492-90da-04f43f73a19d','2022-05-05 13:26:55','2022-05-05 13:26:55'),('08630325-cc77-11ec-a127-00163e08598c','083efcfa-cc77-11ec-a127-00163e08598c','Kabupaten Minahasa','05dc1eb4-783f-4492-90da-04f43f73a19d','05dc1eb4-783f-4492-90da-04f43f73a19d','2022-05-05 13:26:55','2022-05-05 13:26:55'),('0866cdc4-cc77-11ec-a127-00163e08598c','083efcfa-cc77-11ec-a127-00163e08598c','Kabupaten Minahasa Selatan','05dc1eb4-783f-4492-90da-04f43f73a19d','05dc1eb4-783f-4492-90da-04f43f73a19d','2022-05-05 13:26:55','2022-05-05 13:26:55'),('086ad14f-cc77-11ec-a127-00163e08598c','083efcfa-cc77-11ec-a127-00163e08598c','Kabupaten Minahasa Tenggara','05dc1eb4-783f-4492-90da-04f43f73a19d','05dc1eb4-783f-4492-90da-04f43f73a19d','2022-05-05 13:26:55','2022-05-05 13:26:55'),('086e7d3d-cc77-11ec-a127-00163e08598c','083efcfa-cc77-11ec-a127-00163e08598c','Kabupaten Minahasa Utara','05dc1eb4-783f-4492-90da-04f43f73a19d','05dc1eb4-783f-4492-90da-04f43f73a19d','2022-05-05 13:26:55','2022-05-05 13:26:55'),('08724c4f-cc77-11ec-a127-00163e08598c','083efcfa-cc77-11ec-a127-00163e08598c','Kota Bitung','05dc1eb4-783f-4492-90da-04f43f73a19d','05dc1eb4-783f-4492-90da-04f43f73a19d','2022-05-05 13:26:55','2022-05-05 13:26:55'),('0875f400-cc77-11ec-a127-00163e08598c','083efcfa-cc77-11ec-a127-00163e08598c','Kota Kotamobagu','05dc1eb4-783f-4492-90da-04f43f73a19d','05dc1eb4-783f-4492-90da-04f43f73a19d','2022-05-05 13:26:55','2022-05-05 13:26:55'),('0879c77a-cc77-11ec-a127-00163e08598c','083efcfa-cc77-11ec-a127-00163e08598c','Kota Manado','05dc1eb4-783f-4492-90da-04f43f73a19d','05dc1eb4-783f-4492-90da-04f43f73a19d','2022-05-05 13:26:55','2022-05-05 13:26:55'),('087d6f18-cc77-11ec-a127-00163e08598c','083efcfa-cc77-11ec-a127-00163e08598c','Kota Tomohon','05dc1eb4-783f-4492-90da-04f43f73a19d','05dc1eb4-783f-4492-90da-04f43f73a19d','2022-05-05 13:26:55','2022-05-05 13:26:55'),('0888977c-cc77-11ec-a127-00163e08598c','088116e4-cc77-11ec-a127-00163e08598c','Kabupaten Agam','05dc1eb4-783f-4492-90da-04f43f73a19d','05dc1eb4-783f-4492-90da-04f43f73a19d','2022-05-05 13:26:55','2022-05-05 13:26:55'),('088c898f-cc77-11ec-a127-00163e08598c','088116e4-cc77-11ec-a127-00163e08598c','Kabupaten Dharmasraya','05dc1eb4-783f-4492-90da-04f43f73a19d','05dc1eb4-783f-4492-90da-04f43f73a19d','2022-05-05 13:26:55','2022-05-05 13:26:55'),('08903514-cc77-11ec-a127-00163e08598c','088116e4-cc77-11ec-a127-00163e08598c','Kabupaten Kepulauan Mentawai','05dc1eb4-783f-4492-90da-04f43f73a19d','05dc1eb4-783f-4492-90da-04f43f73a19d','2022-05-05 13:26:55','2022-05-05 13:26:55'),('0894566f-cc77-11ec-a127-00163e08598c','088116e4-cc77-11ec-a127-00163e08598c','Kabupaten Lima Puluh Kota','05dc1eb4-783f-4492-90da-04f43f73a19d','05dc1eb4-783f-4492-90da-04f43f73a19d','2022-05-05 13:26:55','2022-05-05 13:26:55'),('0898229f-cc77-11ec-a127-00163e08598c','088116e4-cc77-11ec-a127-00163e08598c','Kabupaten Padang Pariaman','05dc1eb4-783f-4492-90da-04f43f73a19d','05dc1eb4-783f-4492-90da-04f43f73a19d','2022-05-05 13:26:55','2022-05-05 13:26:55'),('089bd295-cc77-11ec-a127-00163e08598c','088116e4-cc77-11ec-a127-00163e08598c','Kabupaten Pasaman','05dc1eb4-783f-4492-90da-04f43f73a19d','05dc1eb4-783f-4492-90da-04f43f73a19d','2022-05-05 13:26:55','2022-05-05 13:26:55'),('089f774d-cc77-11ec-a127-00163e08598c','088116e4-cc77-11ec-a127-00163e08598c','Kabupaten Pasaman Barat','05dc1eb4-783f-4492-90da-04f43f73a19d','05dc1eb4-783f-4492-90da-04f43f73a19d','2022-05-05 13:26:55','2022-05-05 13:26:55'),('08a34878-cc77-11ec-a127-00163e08598c','088116e4-cc77-11ec-a127-00163e08598c','Kabupaten Pesisir Selatan','05dc1eb4-783f-4492-90da-04f43f73a19d','05dc1eb4-783f-4492-90da-04f43f73a19d','2022-05-05 13:26:55','2022-05-05 13:26:55'),('08a6f083-cc77-11ec-a127-00163e08598c','088116e4-cc77-11ec-a127-00163e08598c','Kabupaten Sijunjung','05dc1eb4-783f-4492-90da-04f43f73a19d','05dc1eb4-783f-4492-90da-04f43f73a19d','2022-05-05 13:26:55','2022-05-05 13:26:55'),('08ab0f65-cc77-11ec-a127-00163e08598c','088116e4-cc77-11ec-a127-00163e08598c','Kabupaten Solok','05dc1eb4-783f-4492-90da-04f43f73a19d','05dc1eb4-783f-4492-90da-04f43f73a19d','2022-05-05 13:26:56','2022-05-05 13:26:56'),('08af7d2b-cc77-11ec-a127-00163e08598c','088116e4-cc77-11ec-a127-00163e08598c','Kabupaten Solok Selatan','05dc1eb4-783f-4492-90da-04f43f73a19d','05dc1eb4-783f-4492-90da-04f43f73a19d','2022-05-05 13:26:56','2022-05-05 13:26:56'),('08b3ed5b-cc77-11ec-a127-00163e08598c','088116e4-cc77-11ec-a127-00163e08598c','Kabupaten Tanah Datar','05dc1eb4-783f-4492-90da-04f43f73a19d','05dc1eb4-783f-4492-90da-04f43f73a19d','2022-05-05 13:26:56','2022-05-05 13:26:56'),('08c8605b-cc77-11ec-a127-00163e08598c','088116e4-cc77-11ec-a127-00163e08598c','Kota Bukittinggi','05dc1eb4-783f-4492-90da-04f43f73a19d','05dc1eb4-783f-4492-90da-04f43f73a19d','2022-05-05 13:26:56','2022-05-05 13:26:56'),('08ccc924-cc77-11ec-a127-00163e08598c','088116e4-cc77-11ec-a127-00163e08598c','Kota Padang','05dc1eb4-783f-4492-90da-04f43f73a19d','05dc1eb4-783f-4492-90da-04f43f73a19d','2022-05-05 13:26:56','2022-05-05 13:26:56'),('08d071fa-cc77-11ec-a127-00163e08598c','088116e4-cc77-11ec-a127-00163e08598c','Kota Padang Panjang','05dc1eb4-783f-4492-90da-04f43f73a19d','05dc1eb4-783f-4492-90da-04f43f73a19d','2022-05-05 13:26:56','2022-05-05 13:26:56'),('08d41b4f-cc77-11ec-a127-00163e08598c','088116e4-cc77-11ec-a127-00163e08598c','Kota Pariaman','05dc1eb4-783f-4492-90da-04f43f73a19d','05dc1eb4-783f-4492-90da-04f43f73a19d','2022-05-05 13:26:56','2022-05-05 13:26:56'),('08d81355-cc77-11ec-a127-00163e08598c','088116e4-cc77-11ec-a127-00163e08598c','Kota Payakumbuh','05dc1eb4-783f-4492-90da-04f43f73a19d','05dc1eb4-783f-4492-90da-04f43f73a19d','2022-05-05 13:26:56','2022-05-05 13:26:56'),('08dbbc5e-cc77-11ec-a127-00163e08598c','088116e4-cc77-11ec-a127-00163e08598c','Kota Sawahlunto','05dc1eb4-783f-4492-90da-04f43f73a19d','05dc1eb4-783f-4492-90da-04f43f73a19d','2022-05-05 13:26:56','2022-05-05 13:26:56'),('08df6693-cc77-11ec-a127-00163e08598c','088116e4-cc77-11ec-a127-00163e08598c','Kota Solok','05dc1eb4-783f-4492-90da-04f43f73a19d','05dc1eb4-783f-4492-90da-04f43f73a19d','2022-05-05 13:26:56','2022-05-05 13:26:56'),('08eafae5-cc77-11ec-a127-00163e08598c','08e33267-cc77-11ec-a127-00163e08598c','Kabupaten Banyuasin','05dc1eb4-783f-4492-90da-04f43f73a19d','05dc1eb4-783f-4492-90da-04f43f73a19d','2022-05-05 13:26:56','2022-05-05 13:26:56'),('08eea7fd-cc77-11ec-a127-00163e08598c','08e33267-cc77-11ec-a127-00163e08598c','Kabupaten Empat Lawang','05dc1eb4-783f-4492-90da-04f43f73a19d','05dc1eb4-783f-4492-90da-04f43f73a19d','2022-05-05 13:26:56','2022-05-05 13:26:56'),('08f2c47f-cc77-11ec-a127-00163e08598c','08e33267-cc77-11ec-a127-00163e08598c','Kabupaten Lahat','05dc1eb4-783f-4492-90da-04f43f73a19d','05dc1eb4-783f-4492-90da-04f43f73a19d','2022-05-05 13:26:56','2022-05-05 13:26:56'),('08f6be56-cc77-11ec-a127-00163e08598c','08e33267-cc77-11ec-a127-00163e08598c','Kabupaten Muara Enim','05dc1eb4-783f-4492-90da-04f43f73a19d','05dc1eb4-783f-4492-90da-04f43f73a19d','2022-05-05 13:26:56','2022-05-05 13:26:56'),('08fa8e8d-cc77-11ec-a127-00163e08598c','08e33267-cc77-11ec-a127-00163e08598c','Kabupaten Musi Banyuasin','05dc1eb4-783f-4492-90da-04f43f73a19d','05dc1eb4-783f-4492-90da-04f43f73a19d','2022-05-05 13:26:56','2022-05-05 13:26:56'),('08fe3741-cc77-11ec-a127-00163e08598c','08e33267-cc77-11ec-a127-00163e08598c','Kabupaten Musi Rawas','05dc1eb4-783f-4492-90da-04f43f73a19d','05dc1eb4-783f-4492-90da-04f43f73a19d','2022-05-05 13:26:56','2022-05-05 13:26:56'),('0901e4dc-cc77-11ec-a127-00163e08598c','08e33267-cc77-11ec-a127-00163e08598c','Kabupaten Musi Rawas Utara','05dc1eb4-783f-4492-90da-04f43f73a19d','05dc1eb4-783f-4492-90da-04f43f73a19d','2022-05-05 13:26:56','2022-05-05 13:26:56'),('09058a60-cc77-11ec-a127-00163e08598c','08e33267-cc77-11ec-a127-00163e08598c','Kabupaten Ogan Ilir','05dc1eb4-783f-4492-90da-04f43f73a19d','05dc1eb4-783f-4492-90da-04f43f73a19d','2022-05-05 13:26:56','2022-05-05 13:26:56'),('0909334a-cc77-11ec-a127-00163e08598c','08e33267-cc77-11ec-a127-00163e08598c','Kabupaten Ogan Komering Ilir','05dc1eb4-783f-4492-90da-04f43f73a19d','05dc1eb4-783f-4492-90da-04f43f73a19d','2022-05-05 13:26:56','2022-05-05 13:26:56'),('090d2944-cc77-11ec-a127-00163e08598c','08e33267-cc77-11ec-a127-00163e08598c','Kabupaten Ogan Komering Ulu','05dc1eb4-783f-4492-90da-04f43f73a19d','05dc1eb4-783f-4492-90da-04f43f73a19d','2022-05-05 13:26:56','2022-05-05 13:26:56'),('09117021-cc77-11ec-a127-00163e08598c','08e33267-cc77-11ec-a127-00163e08598c','Kabupaten Ogan Komering Ulu Selatan','05dc1eb4-783f-4492-90da-04f43f73a19d','05dc1eb4-783f-4492-90da-04f43f73a19d','2022-05-05 13:26:56','2022-05-05 13:26:56'),('0915423b-cc77-11ec-a127-00163e08598c','08e33267-cc77-11ec-a127-00163e08598c','Kabupaten Ogan Komering Ulu Timur','05dc1eb4-783f-4492-90da-04f43f73a19d','05dc1eb4-783f-4492-90da-04f43f73a19d','2022-05-05 13:26:56','2022-05-05 13:26:56'),('09191412-cc77-11ec-a127-00163e08598c','08e33267-cc77-11ec-a127-00163e08598c','Kabupaten Penukal Abab Lematang Ilir','05dc1eb4-783f-4492-90da-04f43f73a19d','05dc1eb4-783f-4492-90da-04f43f73a19d','2022-05-05 13:26:56','2022-05-05 13:26:56'),('091da715-cc77-11ec-a127-00163e08598c','08e33267-cc77-11ec-a127-00163e08598c','Kota Lubuklinggau','05dc1eb4-783f-4492-90da-04f43f73a19d','05dc1eb4-783f-4492-90da-04f43f73a19d','2022-05-05 13:26:56','2022-05-05 13:26:56'),('0921eb87-cc77-11ec-a127-00163e08598c','08e33267-cc77-11ec-a127-00163e08598c','Kota Pagar Alam','05dc1eb4-783f-4492-90da-04f43f73a19d','05dc1eb4-783f-4492-90da-04f43f73a19d','2022-05-05 13:26:56','2022-05-05 13:26:56'),('0926352e-cc77-11ec-a127-00163e08598c','08e33267-cc77-11ec-a127-00163e08598c','Kota Palembang','05dc1eb4-783f-4492-90da-04f43f73a19d','05dc1eb4-783f-4492-90da-04f43f73a19d','2022-05-05 13:26:56','2022-05-05 13:26:56'),('092a0475-cc77-11ec-a127-00163e08598c','08e33267-cc77-11ec-a127-00163e08598c','Kota Prabumulih','05dc1eb4-783f-4492-90da-04f43f73a19d','05dc1eb4-783f-4492-90da-04f43f73a19d','2022-05-05 13:26:56','2022-05-05 13:26:56'),('0935c282-cc77-11ec-a127-00163e08598c','092dab01-cc77-11ec-a127-00163e08598c','Kabupaten Asahan','05dc1eb4-783f-4492-90da-04f43f73a19d','05dc1eb4-783f-4492-90da-04f43f73a19d','2022-05-05 13:26:56','2022-05-05 13:26:56'),('09396da2-cc77-11ec-a127-00163e08598c','092dab01-cc77-11ec-a127-00163e08598c','Kabupaten Batu Bara','05dc1eb4-783f-4492-90da-04f43f73a19d','05dc1eb4-783f-4492-90da-04f43f73a19d','2022-05-05 13:26:56','2022-05-05 13:26:56'),('093d169b-cc77-11ec-a127-00163e08598c','092dab01-cc77-11ec-a127-00163e08598c','Kabupaten Dairi','05dc1eb4-783f-4492-90da-04f43f73a19d','05dc1eb4-783f-4492-90da-04f43f73a19d','2022-05-05 13:26:56','2022-05-05 13:26:56'),('094134ba-cc77-11ec-a127-00163e08598c','092dab01-cc77-11ec-a127-00163e08598c','Kabupaten Deli Serdang','05dc1eb4-783f-4492-90da-04f43f73a19d','05dc1eb4-783f-4492-90da-04f43f73a19d','2022-05-05 13:26:57','2022-05-05 13:26:57'),('094505cf-cc77-11ec-a127-00163e08598c','092dab01-cc77-11ec-a127-00163e08598c','Kabupaten Humbang Hasundutan','05dc1eb4-783f-4492-90da-04f43f73a19d','05dc1eb4-783f-4492-90da-04f43f73a19d','2022-05-05 13:26:57','2022-05-05 13:26:57'),('0948aec2-cc77-11ec-a127-00163e08598c','092dab01-cc77-11ec-a127-00163e08598c','Kabupaten Karo','05dc1eb4-783f-4492-90da-04f43f73a19d','05dc1eb4-783f-4492-90da-04f43f73a19d','2022-05-05 13:26:57','2022-05-05 13:26:57'),('094c7fac-cc77-11ec-a127-00163e08598c','092dab01-cc77-11ec-a127-00163e08598c','Kabupaten Labuhanbatu','05dc1eb4-783f-4492-90da-04f43f73a19d','05dc1eb4-783f-4492-90da-04f43f73a19d','2022-05-05 13:26:57','2022-05-05 13:26:57'),('0950c5a0-cc77-11ec-a127-00163e08598c','092dab01-cc77-11ec-a127-00163e08598c','Kabupaten Labuhanbatu Selatan','05dc1eb4-783f-4492-90da-04f43f73a19d','05dc1eb4-783f-4492-90da-04f43f73a19d','2022-05-05 13:26:57','2022-05-05 13:26:57'),('09549532-cc77-11ec-a127-00163e08598c','092dab01-cc77-11ec-a127-00163e08598c','Kabupaten Labuhanbatu Utara','05dc1eb4-783f-4492-90da-04f43f73a19d','05dc1eb4-783f-4492-90da-04f43f73a19d','2022-05-05 13:26:57','2022-05-05 13:26:57'),('09586685-cc77-11ec-a127-00163e08598c','092dab01-cc77-11ec-a127-00163e08598c','Kabupaten Langkat','05dc1eb4-783f-4492-90da-04f43f73a19d','05dc1eb4-783f-4492-90da-04f43f73a19d','2022-05-05 13:26:57','2022-05-05 13:26:57'),('095c0dd0-cc77-11ec-a127-00163e08598c','092dab01-cc77-11ec-a127-00163e08598c','Kabupaten Mandailing Natal','05dc1eb4-783f-4492-90da-04f43f73a19d','05dc1eb4-783f-4492-90da-04f43f73a19d','2022-05-05 13:26:57','2022-05-05 13:26:57'),('09607e93-cc77-11ec-a127-00163e08598c','092dab01-cc77-11ec-a127-00163e08598c','Kabupaten Nias','05dc1eb4-783f-4492-90da-04f43f73a19d','05dc1eb4-783f-4492-90da-04f43f73a19d','2022-05-05 13:26:57','2022-05-05 13:26:57'),('0964c2b7-cc77-11ec-a127-00163e08598c','092dab01-cc77-11ec-a127-00163e08598c','Kabupaten Nias Barat','05dc1eb4-783f-4492-90da-04f43f73a19d','05dc1eb4-783f-4492-90da-04f43f73a19d','2022-05-05 13:26:57','2022-05-05 13:26:57'),('09686ab1-cc77-11ec-a127-00163e08598c','092dab01-cc77-11ec-a127-00163e08598c','Kabupaten Nias Selatan','05dc1eb4-783f-4492-90da-04f43f73a19d','05dc1eb4-783f-4492-90da-04f43f73a19d','2022-05-05 13:26:57','2022-05-05 13:26:57'),('096c12a0-cc77-11ec-a127-00163e08598c','092dab01-cc77-11ec-a127-00163e08598c','Kabupaten Nias Utara','05dc1eb4-783f-4492-90da-04f43f73a19d','05dc1eb4-783f-4492-90da-04f43f73a19d','2022-05-05 13:26:57','2022-05-05 13:26:57'),('096fe62e-cc77-11ec-a127-00163e08598c','092dab01-cc77-11ec-a127-00163e08598c','Kabupaten Padang Lawas','05dc1eb4-783f-4492-90da-04f43f73a19d','05dc1eb4-783f-4492-90da-04f43f73a19d','2022-05-05 13:26:57','2022-05-05 13:26:57'),('0973e31e-cc77-11ec-a127-00163e08598c','092dab01-cc77-11ec-a127-00163e08598c','Kabupaten Padang Lawas Utara','05dc1eb4-783f-4492-90da-04f43f73a19d','05dc1eb4-783f-4492-90da-04f43f73a19d','2022-05-05 13:26:57','2022-05-05 13:26:57'),('0977b119-cc77-11ec-a127-00163e08598c','092dab01-cc77-11ec-a127-00163e08598c','Kabupaten Pakpak Bharat','05dc1eb4-783f-4492-90da-04f43f73a19d','05dc1eb4-783f-4492-90da-04f43f73a19d','2022-05-05 13:26:57','2022-05-05 13:26:57'),('097b7e76-cc77-11ec-a127-00163e08598c','092dab01-cc77-11ec-a127-00163e08598c','Kabupaten Samosir','05dc1eb4-783f-4492-90da-04f43f73a19d','05dc1eb4-783f-4492-90da-04f43f73a19d','2022-05-05 13:26:57','2022-05-05 13:26:57'),('097f74b0-cc77-11ec-a127-00163e08598c','092dab01-cc77-11ec-a127-00163e08598c','Kabupaten Serdang Bedagai','05dc1eb4-783f-4492-90da-04f43f73a19d','05dc1eb4-783f-4492-90da-04f43f73a19d','2022-05-05 13:26:57','2022-05-05 13:26:57'),('098347a1-cc77-11ec-a127-00163e08598c','092dab01-cc77-11ec-a127-00163e08598c','Kabupaten Simalungun','05dc1eb4-783f-4492-90da-04f43f73a19d','05dc1eb4-783f-4492-90da-04f43f73a19d','2022-05-05 13:26:57','2022-05-05 13:26:57'),('0988057c-cc77-11ec-a127-00163e08598c','092dab01-cc77-11ec-a127-00163e08598c','Kabupaten Tapanuli Selatan','05dc1eb4-783f-4492-90da-04f43f73a19d','05dc1eb4-783f-4492-90da-04f43f73a19d','2022-05-05 13:26:57','2022-05-05 13:26:57'),('098c97d3-cc77-11ec-a127-00163e08598c','092dab01-cc77-11ec-a127-00163e08598c','Kabupaten Tapanuli Tengah','05dc1eb4-783f-4492-90da-04f43f73a19d','05dc1eb4-783f-4492-90da-04f43f73a19d','2022-05-05 13:26:57','2022-05-05 13:26:57'),('099066db-cc77-11ec-a127-00163e08598c','092dab01-cc77-11ec-a127-00163e08598c','Kabupaten Tapanuli Utara','05dc1eb4-783f-4492-90da-04f43f73a19d','05dc1eb4-783f-4492-90da-04f43f73a19d','2022-05-05 13:26:57','2022-05-05 13:26:57'),('09945edd-cc77-11ec-a127-00163e08598c','092dab01-cc77-11ec-a127-00163e08598c','Kabupaten Toba','05dc1eb4-783f-4492-90da-04f43f73a19d','05dc1eb4-783f-4492-90da-04f43f73a19d','2022-05-05 13:26:57','2022-05-05 13:26:57'),('099855bc-cc77-11ec-a127-00163e08598c','092dab01-cc77-11ec-a127-00163e08598c','Kota Binjai','05dc1eb4-783f-4492-90da-04f43f73a19d','05dc1eb4-783f-4492-90da-04f43f73a19d','2022-05-05 13:26:57','2022-05-05 13:26:57'),('099c9f69-cc77-11ec-a127-00163e08598c','092dab01-cc77-11ec-a127-00163e08598c','Kota Gunungsitoli','05dc1eb4-783f-4492-90da-04f43f73a19d','05dc1eb4-783f-4492-90da-04f43f73a19d','2022-05-05 13:26:57','2022-05-05 13:26:57'),('09a2deed-cc77-11ec-a127-00163e08598c','092dab01-cc77-11ec-a127-00163e08598c','Kota Medan','05dc1eb4-783f-4492-90da-04f43f73a19d','05dc1eb4-783f-4492-90da-04f43f73a19d','2022-05-05 13:26:57','2022-05-05 13:26:57'),('09a6d36c-cc77-11ec-a127-00163e08598c','092dab01-cc77-11ec-a127-00163e08598c','Kota Padang Sidempuan','05dc1eb4-783f-4492-90da-04f43f73a19d','05dc1eb4-783f-4492-90da-04f43f73a19d','2022-05-05 13:26:57','2022-05-05 13:26:57'),('09ab40f0-cc77-11ec-a127-00163e08598c','092dab01-cc77-11ec-a127-00163e08598c','Kota Pematangsiantar','05dc1eb4-783f-4492-90da-04f43f73a19d','05dc1eb4-783f-4492-90da-04f43f73a19d','2022-05-05 13:26:57','2022-05-05 13:26:57'),('09aee753-cc77-11ec-a127-00163e08598c','092dab01-cc77-11ec-a127-00163e08598c','Kota Sibolga','05dc1eb4-783f-4492-90da-04f43f73a19d','05dc1eb4-783f-4492-90da-04f43f73a19d','2022-05-05 13:26:57','2022-05-05 13:26:57'),('09b41d98-cc77-11ec-a127-00163e08598c','092dab01-cc77-11ec-a127-00163e08598c','Kota Tanjungbalai','05dc1eb4-783f-4492-90da-04f43f73a19d','05dc1eb4-783f-4492-90da-04f43f73a19d','2022-05-05 13:26:57','2022-05-05 13:26:57'),('09b7eb70-cc77-11ec-a127-00163e08598c','092dab01-cc77-11ec-a127-00163e08598c','Kota Tebing Tinggi','05dc1eb4-783f-4492-90da-04f43f73a19d','05dc1eb4-783f-4492-90da-04f43f73a19d','2022-05-05 13:26:57','2022-05-05 13:26:57');
/*!40000 ALTER TABLE `cities` ENABLE KEYS */;
UNLOCK TABLES;

--
-- Table structure for table `company_profile`
--

DROP TABLE IF EXISTS `company_profile`;
/*!40101 SET @saved_cs_client     = @@character_set_client */;
/*!50503 SET character_set_client = utf8mb4 */;
CREATE TABLE `company_profile` (
  `id` char(36) COLLATE utf8mb4_unicode_ci NOT NULL,
  `name` varchar(100) COLLATE utf8mb4_unicode_ci NOT NULL,
  `address_name` varchar(50) COLLATE utf8mb4_unicode_ci NOT NULL,
  `address_street` varchar(50) COLLATE utf8mb4_unicode_ci NOT NULL,
  `country_id` char(36) COLLATE utf8mb4_unicode_ci NOT NULL,
  `state_id` char(36) COLLATE utf8mb4_unicode_ci NOT NULL,
  `city_id` char(36) COLLATE utf8mb4_unicode_ci NOT NULL,
  `zipcode` varchar(5) COLLATE utf8mb4_unicode_ci NOT NULL,
  `email` varchar(100) COLLATE utf8mb4_unicode_ci NOT NULL,
  `telephone` varchar(30) COLLATE utf8mb4_unicode_ci NOT NULL,
  `npwp` varchar(20) COLLATE utf8mb4_unicode_ci NOT NULL,
  `created_by` char(36) COLLATE utf8mb4_unicode_ci DEFAULT NULL,
  `updated_by` char(36) COLLATE utf8mb4_unicode_ci DEFAULT NULL,
  `created_at` timestamp NULL DEFAULT NULL,
  `updated_at` timestamp NULL DEFAULT NULL,
  PRIMARY KEY (`id`) USING BTREE
) ENGINE=InnoDB DEFAULT CHARSET=utf8mb4 COLLATE=utf8mb4_unicode_ci ROW_FORMAT=DYNAMIC;
/*!40101 SET character_set_client = @saved_cs_client */;

--
-- Dumping data for table `company_profile`
--

LOCK TABLES `company_profile` WRITE;
/*!40000 ALTER TABLE `company_profile` DISABLE KEYS */;
INSERT INTO `company_profile` VALUES ('7895ed98-a2fd-45ac-be50-98628a3e6c19','Company Profile 1','Contoh Address','Address Street','0001e419-cc77-11ec-a127-00163e08598c','03ae429a-a24c-4592-83d5-1759288ccc78','ae30aa60-2323-487b-846f-3743f4a09d7b','12345','email@gmail.com','021-1233-2231','182-3231-3213-1232','572003cd-0230-4534-b84d-eb2d9eab58a7','572003cd-0230-4534-b84d-eb2d9eab58a7','2022-04-22 16:38:23','2022-05-06 08:43:30');
/*!40000 ALTER TABLE `company_profile` ENABLE KEYS */;
UNLOCK TABLES;

--
-- Table structure for table `countries`
--

DROP TABLE IF EXISTS `countries`;
/*!40101 SET @saved_cs_client     = @@character_set_client */;
/*!50503 SET character_set_client = utf8mb4 */;
CREATE TABLE `countries` (
  `id` char(36) COLLATE utf8mb4_unicode_ci NOT NULL,
  `name` varchar(255) COLLATE utf8mb4_unicode_ci NOT NULL,
  `created_by` char(36) COLLATE utf8mb4_unicode_ci DEFAULT NULL,
  `updated_by` char(36) COLLATE utf8mb4_unicode_ci DEFAULT NULL,
  `created_at` timestamp NULL DEFAULT NULL,
  `updated_at` timestamp NULL DEFAULT NULL,
  PRIMARY KEY (`id`) USING BTREE
) ENGINE=InnoDB DEFAULT CHARSET=utf8mb4 COLLATE=utf8mb4_unicode_ci ROW_FORMAT=DYNAMIC;
/*!40101 SET character_set_client = @saved_cs_client */;

--
-- Dumping data for table `countries`
--

LOCK TABLES `countries` WRITE;
/*!40000 ALTER TABLE `countries` DISABLE KEYS */;
INSERT INTO `countries` VALUES ('0001e419-cc77-11ec-a127-00163e08598c','Cyprus','05dc1eb4-783f-4492-90da-04f43f73a19d','05dc1eb4-783f-4492-90da-04f43f73a19d','2022-05-05 06:26:41','2022-05-05 06:26:41'),('0005b2a3-cc77-11ec-a127-00163e08598c','Denmark','05dc1eb4-783f-4492-90da-04f43f73a19d','05dc1eb4-783f-4492-90da-04f43f73a19d','2022-05-05 06:26:41','2022-05-05 06:26:41'),('0009aa92-cc77-11ec-a127-00163e08598c','Dominican Republic','05dc1eb4-783f-4492-90da-04f43f73a19d','05dc1eb4-783f-4492-90da-04f43f73a19d','2022-05-05 06:26:41','2022-05-05 06:26:41'),('000d7c2e-cc77-11ec-a127-00163e08598c','East Timor','05dc1eb4-783f-4492-90da-04f43f73a19d','05dc1eb4-783f-4492-90da-04f43f73a19d','2022-05-05 06:26:41','2022-05-05 06:26:41'),('00114d1b-cc77-11ec-a127-00163e08598c','Ecuador','05dc1eb4-783f-4492-90da-04f43f73a19d','05dc1eb4-783f-4492-90da-04f43f73a19d','2022-05-05 06:26:41','2022-05-05 06:26:41'),('00151a84-cc77-11ec-a127-00163e08598c','Egypt','05dc1eb4-783f-4492-90da-04f43f73a19d','05dc1eb4-783f-4492-90da-04f43f73a19d','2022-05-05 06:26:41','2022-05-05 06:26:41'),('00193cdb-cc77-11ec-a127-00163e08598c','El Salvador','05dc1eb4-783f-4492-90da-04f43f73a19d','05dc1eb4-783f-4492-90da-04f43f73a19d','2022-05-05 06:26:41','2022-05-05 06:26:41'),('001d3221-cc77-11ec-a127-00163e08598c','Estonia','05dc1eb4-783f-4492-90da-04f43f73a19d','05dc1eb4-783f-4492-90da-04f43f73a19d','2022-05-05 06:26:41','2022-05-05 06:26:41'),('002104ca-cc77-11ec-a127-00163e08598c','Ethiopia','05dc1eb4-783f-4492-90da-04f43f73a19d','05dc1eb4-783f-4492-90da-04f43f73a19d','2022-05-05 06:26:41','2022-05-05 06:26:41'),('0024d0b2-cc77-11ec-a127-00163e08598c','Fiji','05dc1eb4-783f-4492-90da-04f43f73a19d','05dc1eb4-783f-4492-90da-04f43f73a19d','2022-05-05 06:26:41','2022-05-05 06:26:41'),('0028ca7e-cc77-11ec-a127-00163e08598c','Finland','05dc1eb4-783f-4492-90da-04f43f73a19d','05dc1eb4-783f-4492-90da-04f43f73a19d','2022-05-05 06:26:41','2022-05-05 06:26:41'),('002c9e9a-cc77-11ec-a127-00163e08598c','France','05dc1eb4-783f-4492-90da-04f43f73a19d','05dc1eb4-783f-4492-90da-04f43f73a19d','2022-05-05 06:26:41','2022-05-05 06:26:41'),('00306eaa-cc77-11ec-a127-00163e08598c','Georgia','05dc1eb4-783f-4492-90da-04f43f73a19d','05dc1eb4-783f-4492-90da-04f43f73a19d','2022-05-05 06:26:41','2022-05-05 06:26:41'),('00343ea1-cc77-11ec-a127-00163e08598c','Germany','05dc1eb4-783f-4492-90da-04f43f73a19d','05dc1eb4-783f-4492-90da-04f43f73a19d','2022-05-05 06:26:41','2022-05-05 06:26:41'),('0038f796-cc77-11ec-a127-00163e08598c','Ghana','05dc1eb4-783f-4492-90da-04f43f73a19d','05dc1eb4-783f-4492-90da-04f43f73a19d','2022-05-05 06:26:41','2022-05-05 06:26:41'),('003d1639-cc77-11ec-a127-00163e08598c','Greece','05dc1eb4-783f-4492-90da-04f43f73a19d','05dc1eb4-783f-4492-90da-04f43f73a19d','2022-05-05 06:26:41','2022-05-05 06:26:41'),('0040e806-cc77-11ec-a127-00163e08598c','Guatemala','05dc1eb4-783f-4492-90da-04f43f73a19d','05dc1eb4-783f-4492-90da-04f43f73a19d','2022-05-05 06:26:41','2022-05-05 06:26:41'),('0044b4d4-cc77-11ec-a127-00163e08598c','Honduras','05dc1eb4-783f-4492-90da-04f43f73a19d','05dc1eb4-783f-4492-90da-04f43f73a19d','2022-05-05 06:26:41','2022-05-05 06:26:41'),('00489332-cc77-11ec-a127-00163e08598c','Hungary','05dc1eb4-783f-4492-90da-04f43f73a19d','05dc1eb4-783f-4492-90da-04f43f73a19d','2022-05-05 06:26:41','2022-05-05 06:26:41'),('004ca525-cc77-11ec-a127-00163e08598c','Iceland','05dc1eb4-783f-4492-90da-04f43f73a19d','05dc1eb4-783f-4492-90da-04f43f73a19d','2022-05-05 06:26:41','2022-05-05 06:26:41'),('00507ab0-cc77-11ec-a127-00163e08598c','India','05dc1eb4-783f-4492-90da-04f43f73a19d','05dc1eb4-783f-4492-90da-04f43f73a19d','2022-05-05 06:26:42','2022-05-05 06:26:42'),('00546f36-cc77-11ec-a127-00163e08598c','Indonesia','05dc1eb4-783f-4492-90da-04f43f73a19d','05dc1eb4-783f-4492-90da-04f43f73a19d','2022-05-05 06:26:42','2022-05-05 06:26:42'),('09bb969a-cc77-11ec-a127-00163e08598c','Iran','05dc1eb4-783f-4492-90da-04f43f73a19d','05dc1eb4-783f-4492-90da-04f43f73a19d','2022-05-05 06:26:57','2022-05-05 06:26:57'),('09c2e7c0-cc77-11ec-a127-00163e08598c','Iraq','05dc1eb4-783f-4492-90da-04f43f73a19d','05dc1eb4-783f-4492-90da-04f43f73a19d','2022-05-05 06:26:57','2022-05-05 06:26:57'),('09c84030-cc77-11ec-a127-00163e08598c','Ireland {Republic}','05dc1eb4-783f-4492-90da-04f43f73a19d','05dc1eb4-783f-4492-90da-04f43f73a19d','2022-05-05 06:26:57','2022-05-05 06:26:57'),('09cbeb7f-cc77-11ec-a127-00163e08598c','Israel','05dc1eb4-783f-4492-90da-04f43f73a19d','05dc1eb4-783f-4492-90da-04f43f73a19d','2022-05-05 06:26:57','2022-05-05 06:26:57'),('09cfb8c7-cc77-11ec-a127-00163e08598c','Italy','05dc1eb4-783f-4492-90da-04f43f73a19d','05dc1eb4-783f-4492-90da-04f43f73a19d','2022-05-05 06:26:57','2022-05-05 06:26:57'),('09d38a90-cc77-11ec-a127-00163e08598c','Ivory Coast','05dc1eb4-783f-4492-90da-04f43f73a19d','05dc1eb4-783f-4492-90da-04f43f73a19d','2022-05-05 06:26:57','2022-05-05 06:26:57'),('09d75add-cc77-11ec-a127-00163e08598c','Jamaica','05dc1eb4-783f-4492-90da-04f43f73a19d','05dc1eb4-783f-4492-90da-04f43f73a19d','2022-05-05 06:26:57','2022-05-05 06:26:57'),('09dd74eb-cc77-11ec-a127-00163e08598c','Japan','05dc1eb4-783f-4492-90da-04f43f73a19d','05dc1eb4-783f-4492-90da-04f43f73a19d','2022-05-05 06:26:58','2022-05-05 06:26:58'),('09e22f19-cc77-11ec-a127-00163e08598c','Jordan','05dc1eb4-783f-4492-90da-04f43f73a19d','05dc1eb4-783f-4492-90da-04f43f73a19d','2022-05-05 06:26:58','2022-05-05 06:26:58'),('09e6c5dd-cc77-11ec-a127-00163e08598c','Kazakhstan','05dc1eb4-783f-4492-90da-04f43f73a19d','05dc1eb4-783f-4492-90da-04f43f73a19d','2022-05-05 06:26:58','2022-05-05 06:26:58'),('09eb093f-cc77-11ec-a127-00163e08598c','Kenya','05dc1eb4-783f-4492-90da-04f43f73a19d','05dc1eb4-783f-4492-90da-04f43f73a19d','2022-05-05 06:26:58','2022-05-05 06:26:58'),('09f0adda-cc77-11ec-a127-00163e08598c','Korea North','05dc1eb4-783f-4492-90da-04f43f73a19d','05dc1eb4-783f-4492-90da-04f43f73a19d','2022-05-05 06:26:58','2022-05-05 06:26:58'),('09f4595e-cc77-11ec-a127-00163e08598c','Korea South','05dc1eb4-783f-4492-90da-04f43f73a19d','05dc1eb4-783f-4492-90da-04f43f73a19d','2022-05-05 06:26:58','2022-05-05 06:26:58'),('09f89d00-cc77-11ec-a127-00163e08598c','Kosovo','05dc1eb4-783f-4492-90da-04f43f73a19d','05dc1eb4-783f-4492-90da-04f43f73a19d','2022-05-05 06:26:58','2022-05-05 06:26:58'),('09fd0b8f-cc77-11ec-a127-00163e08598c','Kuwait','05dc1eb4-783f-4492-90da-04f43f73a19d','05dc1eb4-783f-4492-90da-04f43f73a19d','2022-05-05 06:26:58','2022-05-05 06:26:58'),('0a00dc0c-cc77-11ec-a127-00163e08598c','Laos','05dc1eb4-783f-4492-90da-04f43f73a19d','05dc1eb4-783f-4492-90da-04f43f73a19d','2022-05-05 06:26:58','2022-05-05 06:26:58'),('0a05e3c4-cc77-11ec-a127-00163e08598c','Latvia','05dc1eb4-783f-4492-90da-04f43f73a19d','05dc1eb4-783f-4492-90da-04f43f73a19d','2022-05-05 06:26:58','2022-05-05 06:26:58'),('0a0a7b4f-cc77-11ec-a127-00163e08598c','Lebanon','05dc1eb4-783f-4492-90da-04f43f73a19d','05dc1eb4-783f-4492-90da-04f43f73a19d','2022-05-05 06:26:58','2022-05-05 06:26:58'),('0a0e4ab9-cc77-11ec-a127-00163e08598c','Liberia','05dc1eb4-783f-4492-90da-04f43f73a19d','05dc1eb4-783f-4492-90da-04f43f73a19d','2022-05-05 06:26:58','2022-05-05 06:26:58'),('0a128fc0-cc77-11ec-a127-00163e08598c','Libya','05dc1eb4-783f-4492-90da-04f43f73a19d','05dc1eb4-783f-4492-90da-04f43f73a19d','2022-05-05 06:26:58','2022-05-05 06:26:58'),('0a174a67-cc77-11ec-a127-00163e08598c','Liechtenstein','05dc1eb4-783f-4492-90da-04f43f73a19d','05dc1eb4-783f-4492-90da-04f43f73a19d','2022-05-05 06:26:58','2022-05-05 06:26:58'),('0a1f8776-cc77-11ec-a127-00163e08598c','Lithuania','05dc1eb4-783f-4492-90da-04f43f73a19d','05dc1eb4-783f-4492-90da-04f43f73a19d','2022-05-05 06:26:58','2022-05-05 06:26:58'),('0a38dd53-cc77-11ec-a127-00163e08598c','Luxembourg','05dc1eb4-783f-4492-90da-04f43f73a19d','05dc1eb4-783f-4492-90da-04f43f73a19d','2022-05-05 06:26:58','2022-05-05 06:26:58'),('0a48bafd-cc77-11ec-a127-00163e08598c','Macedonia','05dc1eb4-783f-4492-90da-04f43f73a19d','05dc1eb4-783f-4492-90da-04f43f73a19d','2022-05-05 06:26:58','2022-05-05 06:26:58'),('0a5587c6-cc77-11ec-a127-00163e08598c','Madagascar','05dc1eb4-783f-4492-90da-04f43f73a19d','05dc1eb4-783f-4492-90da-04f43f73a19d','2022-05-05 06:26:58','2022-05-05 06:26:58'),('0a5ae394-cc77-11ec-a127-00163e08598c','Malaysia','05dc1eb4-783f-4492-90da-04f43f73a19d','05dc1eb4-783f-4492-90da-04f43f73a19d','2022-05-05 06:26:58','2022-05-05 06:26:58'),('0a5f0224-cc77-11ec-a127-00163e08598c','Maldives','05dc1eb4-783f-4492-90da-04f43f73a19d','05dc1eb4-783f-4492-90da-04f43f73a19d','2022-05-05 06:26:58','2022-05-05 06:26:58'),('0a6392be-cc77-11ec-a127-00163e08598c','Mali','05dc1eb4-783f-4492-90da-04f43f73a19d','05dc1eb4-783f-4492-90da-04f43f73a19d','2022-05-05 06:26:58','2022-05-05 06:26:58'),('0a67b259-cc77-11ec-a127-00163e08598c','Malta','05dc1eb4-783f-4492-90da-04f43f73a19d','05dc1eb4-783f-4492-90da-04f43f73a19d','2022-05-05 06:26:58','2022-05-05 06:26:58'),('0a6b5fa0-cc77-11ec-a127-00163e08598c','Mauritania','05dc1eb4-783f-4492-90da-04f43f73a19d','05dc1eb4-783f-4492-90da-04f43f73a19d','2022-05-05 06:26:58','2022-05-05 06:26:58'),('0a6f055c-cc77-11ec-a127-00163e08598c','Mauritius','05dc1eb4-783f-4492-90da-04f43f73a19d','05dc1eb4-783f-4492-90da-04f43f73a19d','2022-05-05 06:26:58','2022-05-05 06:26:58'),('0a73c44f-cc77-11ec-a127-00163e08598c','Mexico','05dc1eb4-783f-4492-90da-04f43f73a19d','05dc1eb4-783f-4492-90da-04f43f73a19d','2022-05-05 06:26:59','2022-05-05 06:26:59'),('0a782fa7-cc77-11ec-a127-00163e08598c','Micronesia','05dc1eb4-783f-4492-90da-04f43f73a19d','05dc1eb4-783f-4492-90da-04f43f73a19d','2022-05-05 06:26:59','2022-05-05 06:26:59'),('0a7c23bb-cc77-11ec-a127-00163e08598c','Moldova','05dc1eb4-783f-4492-90da-04f43f73a19d','05dc1eb4-783f-4492-90da-04f43f73a19d','2022-05-05 06:26:59','2022-05-05 06:26:59'),('0a7fcd42-cc77-11ec-a127-00163e08598c','Monaco','05dc1eb4-783f-4492-90da-04f43f73a19d','05dc1eb4-783f-4492-90da-04f43f73a19d','2022-05-05 06:26:59','2022-05-05 06:26:59'),('0a846296-cc77-11ec-a127-00163e08598c','Mongolia','05dc1eb4-783f-4492-90da-04f43f73a19d','05dc1eb4-783f-4492-90da-04f43f73a19d','2022-05-05 06:26:59','2022-05-05 06:26:59'),('0a896ada-cc77-11ec-a127-00163e08598c','Montenegro','05dc1eb4-783f-4492-90da-04f43f73a19d','05dc1eb4-783f-4492-90da-04f43f73a19d','2022-05-05 06:26:59','2022-05-05 06:26:59'),('0a8ddb12-cc77-11ec-a127-00163e08598c','Morocco','05dc1eb4-783f-4492-90da-04f43f73a19d','05dc1eb4-783f-4492-90da-04f43f73a19d','2022-05-05 06:26:59','2022-05-05 06:26:59'),('0a91d402-cc77-11ec-a127-00163e08598c','Mozambique','05dc1eb4-783f-4492-90da-04f43f73a19d','05dc1eb4-783f-4492-90da-04f43f73a19d','2022-05-05 06:26:59','2022-05-05 06:26:59'),('0a961507-cc77-11ec-a127-00163e08598c','Myanmar','05dc1eb4-783f-4492-90da-04f43f73a19d','05dc1eb4-783f-4492-90da-04f43f73a19d','2022-05-05 06:26:59','2022-05-05 06:26:59'),('0aa53062-cc77-11ec-a127-00163e08598c','Namibia','05dc1eb4-783f-4492-90da-04f43f73a19d','05dc1eb4-783f-4492-90da-04f43f73a19d','2022-05-05 06:26:59','2022-05-05 06:26:59'),('0aa902d0-cc77-11ec-a127-00163e08598c','Nepal','05dc1eb4-783f-4492-90da-04f43f73a19d','05dc1eb4-783f-4492-90da-04f43f73a19d','2022-05-05 06:26:59','2022-05-05 06:26:59'),('0aad94b5-cc77-11ec-a127-00163e08598c','Netherlands','05dc1eb4-783f-4492-90da-04f43f73a19d','05dc1eb4-783f-4492-90da-04f43f73a19d','2022-05-05 06:26:59','2022-05-05 06:26:59'),('0ab27681-cc77-11ec-a127-00163e08598c','New Zealand','05dc1eb4-783f-4492-90da-04f43f73a19d','05dc1eb4-783f-4492-90da-04f43f73a19d','2022-05-05 06:26:59','2022-05-05 06:26:59'),('0ab731e0-cc77-11ec-a127-00163e08598c','Norway','05dc1eb4-783f-4492-90da-04f43f73a19d','05dc1eb4-783f-4492-90da-04f43f73a19d','2022-05-05 06:26:59','2022-05-05 06:26:59'),('0abc3d5c-cc77-11ec-a127-00163e08598c','Oman','05dc1eb4-783f-4492-90da-04f43f73a19d','05dc1eb4-783f-4492-90da-04f43f73a19d','2022-05-05 06:26:59','2022-05-05 06:26:59'),('0abfe3eb-cc77-11ec-a127-00163e08598c','Pakistan','05dc1eb4-783f-4492-90da-04f43f73a19d','05dc1eb4-783f-4492-90da-04f43f73a19d','2022-05-05 06:26:59','2022-05-05 06:26:59'),('0ac40326-cc77-11ec-a127-00163e08598c','Panama','05dc1eb4-783f-4492-90da-04f43f73a19d','05dc1eb4-783f-4492-90da-04f43f73a19d','2022-05-05 06:26:59','2022-05-05 06:26:59'),('0ac7d228-cc77-11ec-a127-00163e08598c','Papua New Guinea','05dc1eb4-783f-4492-90da-04f43f73a19d','05dc1eb4-783f-4492-90da-04f43f73a19d','2022-05-05 06:26:59','2022-05-05 06:26:59'),('0acba3e3-cc77-11ec-a127-00163e08598c','Paraguay','05dc1eb4-783f-4492-90da-04f43f73a19d','05dc1eb4-783f-4492-90da-04f43f73a19d','2022-05-05 06:26:59','2022-05-05 06:26:59'),('0acfec4f-cc77-11ec-a127-00163e08598c','Peru','05dc1eb4-783f-4492-90da-04f43f73a19d','05dc1eb4-783f-4492-90da-04f43f73a19d','2022-05-05 06:26:59','2022-05-05 06:26:59'),('0ad42dda-cc77-11ec-a127-00163e08598c','Philippines','05dc1eb4-783f-4492-90da-04f43f73a19d','05dc1eb4-783f-4492-90da-04f43f73a19d','2022-05-05 06:26:59','2022-05-05 06:26:59'),('0ad80105-cc77-11ec-a127-00163e08598c','Poland','05dc1eb4-783f-4492-90da-04f43f73a19d','05dc1eb4-783f-4492-90da-04f43f73a19d','2022-05-05 06:26:59','2022-05-05 06:26:59'),('0adbf47b-cc77-11ec-a127-00163e08598c','Portugal','05dc1eb4-783f-4492-90da-04f43f73a19d','05dc1eb4-783f-4492-90da-04f43f73a19d','2022-05-05 06:26:59','2022-05-05 06:26:59'),('0adf9f87-cc77-11ec-a127-00163e08598c','Qatar','05dc1eb4-783f-4492-90da-04f43f73a19d','05dc1eb4-783f-4492-90da-04f43f73a19d','2022-05-05 06:26:59','2022-05-05 06:26:59'),('0ae3712e-cc77-11ec-a127-00163e08598c','Romania','05dc1eb4-783f-4492-90da-04f43f73a19d','05dc1eb4-783f-4492-90da-04f43f73a19d','2022-05-05 06:26:59','2022-05-05 06:26:59'),('0ae719ed-cc77-11ec-a127-00163e08598c','Russian Federation','05dc1eb4-783f-4492-90da-04f43f73a19d','05dc1eb4-783f-4492-90da-04f43f73a19d','2022-05-05 06:26:59','2022-05-05 06:26:59'),('0aeb3b1e-cc77-11ec-a127-00163e08598c','Rwanda','05dc1eb4-783f-4492-90da-04f43f73a19d','05dc1eb4-783f-4492-90da-04f43f73a19d','2022-05-05 06:26:59','2022-05-05 06:26:59'),('0aef5a99-cc77-11ec-a127-00163e08598c','San Marino','05dc1eb4-783f-4492-90da-04f43f73a19d','05dc1eb4-783f-4492-90da-04f43f73a19d','2022-05-05 06:26:59','2022-05-05 06:26:59'),('0af34fe6-cc77-11ec-a127-00163e08598c','Saudi Arabia','05dc1eb4-783f-4492-90da-04f43f73a19d','05dc1eb4-783f-4492-90da-04f43f73a19d','2022-05-05 06:26:59','2022-05-05 06:26:59'),('0af71f9f-cc77-11ec-a127-00163e08598c','Senegal','05dc1eb4-783f-4492-90da-04f43f73a19d','05dc1eb4-783f-4492-90da-04f43f73a19d','2022-05-05 06:26:59','2022-05-05 06:26:59'),('0afaf28f-cc77-11ec-a127-00163e08598c','Serbia','05dc1eb4-783f-4492-90da-04f43f73a19d','05dc1eb4-783f-4492-90da-04f43f73a19d','2022-05-05 06:26:59','2022-05-05 06:26:59'),('0afe9d8a-cc77-11ec-a127-00163e08598c','Sierra Leone','05dc1eb4-783f-4492-90da-04f43f73a19d','05dc1eb4-783f-4492-90da-04f43f73a19d','2022-05-05 06:26:59','2022-05-05 06:26:59'),('0b029542-cc77-11ec-a127-00163e08598c','Singapore','05dc1eb4-783f-4492-90da-04f43f73a19d','05dc1eb4-783f-4492-90da-04f43f73a19d','2022-05-05 06:26:59','2022-05-05 06:26:59'),('0b068a74-cc77-11ec-a127-00163e08598c','Slovakia','05dc1eb4-783f-4492-90da-04f43f73a19d','05dc1eb4-783f-4492-90da-04f43f73a19d','2022-05-05 06:26:59','2022-05-05 06:26:59'),('0b0a819c-cc77-11ec-a127-00163e08598c','Slovenia','05dc1eb4-783f-4492-90da-04f43f73a19d','05dc1eb4-783f-4492-90da-04f43f73a19d','2022-05-05 06:27:00','2022-05-05 06:27:00'),('0b0e2b78-cc77-11ec-a127-00163e08598c','South Africa','05dc1eb4-783f-4492-90da-04f43f73a19d','05dc1eb4-783f-4492-90da-04f43f73a19d','2022-05-05 06:27:00','2022-05-05 06:27:00'),('0b11d4da-cc77-11ec-a127-00163e08598c','Spain','05dc1eb4-783f-4492-90da-04f43f73a19d','05dc1eb4-783f-4492-90da-04f43f73a19d','2022-05-05 06:27:00','2022-05-05 06:27:00'),('0b15a5e7-cc77-11ec-a127-00163e08598c','Sri Lanka','05dc1eb4-783f-4492-90da-04f43f73a19d','05dc1eb4-783f-4492-90da-04f43f73a19d','2022-05-05 06:27:00','2022-05-05 06:27:00'),('0b199cdb-cc77-11ec-a127-00163e08598c','Sudan','05dc1eb4-783f-4492-90da-04f43f73a19d','05dc1eb4-783f-4492-90da-04f43f73a19d','2022-05-05 06:27:00','2022-05-05 06:27:00'),('0b1d23bf-cc77-11ec-a127-00163e08598c','Suriname','05dc1eb4-783f-4492-90da-04f43f73a19d','05dc1eb4-783f-4492-90da-04f43f73a19d','2022-05-05 06:27:00','2022-05-05 06:27:00'),('0b20c69e-cc77-11ec-a127-00163e08598c','Sweden','05dc1eb4-783f-4492-90da-04f43f73a19d','05dc1eb4-783f-4492-90da-04f43f73a19d','2022-05-05 06:27:00','2022-05-05 06:27:00'),('0b24c6ba-cc77-11ec-a127-00163e08598c','Switzerland','05dc1eb4-783f-4492-90da-04f43f73a19d','05dc1eb4-783f-4492-90da-04f43f73a19d','2022-05-05 06:27:00','2022-05-05 06:27:00'),('0b286cfd-cc77-11ec-a127-00163e08598c','Syria','05dc1eb4-783f-4492-90da-04f43f73a19d','05dc1eb4-783f-4492-90da-04f43f73a19d','2022-05-05 06:27:00','2022-05-05 06:27:00'),('0b2c3db1-cc77-11ec-a127-00163e08598c','Taiwan','05dc1eb4-783f-4492-90da-04f43f73a19d','05dc1eb4-783f-4492-90da-04f43f73a19d','2022-05-05 06:27:00','2022-05-05 06:27:00'),('0b2fe59c-cc77-11ec-a127-00163e08598c','Tajikistan','05dc1eb4-783f-4492-90da-04f43f73a19d','05dc1eb4-783f-4492-90da-04f43f73a19d','2022-05-05 06:27:00','2022-05-05 06:27:00'),('0b339046-cc77-11ec-a127-00163e08598c','Tanzania','05dc1eb4-783f-4492-90da-04f43f73a19d','05dc1eb4-783f-4492-90da-04f43f73a19d','2022-05-05 06:27:00','2022-05-05 06:27:00'),('0b3737b7-cc77-11ec-a127-00163e08598c','Thailand','05dc1eb4-783f-4492-90da-04f43f73a19d','05dc1eb4-783f-4492-90da-04f43f73a19d','2022-05-05 06:27:00','2022-05-05 06:27:00'),('0b3ae196-cc77-11ec-a127-00163e08598c','Trinidad & Tobago','05dc1eb4-783f-4492-90da-04f43f73a19d','05dc1eb4-783f-4492-90da-04f43f73a19d','2022-05-05 06:27:00','2022-05-05 06:27:00'),('0b3e8a20-cc77-11ec-a127-00163e08598c','Tunisia','05dc1eb4-783f-4492-90da-04f43f73a19d','05dc1eb4-783f-4492-90da-04f43f73a19d','2022-05-05 06:27:00','2022-05-05 06:27:00'),('0b4231f5-cc77-11ec-a127-00163e08598c','Turkey','05dc1eb4-783f-4492-90da-04f43f73a19d','05dc1eb4-783f-4492-90da-04f43f73a19d','2022-05-05 06:27:00','2022-05-05 06:27:00'),('0b45dbbd-cc77-11ec-a127-00163e08598c','Turkmenistan','05dc1eb4-783f-4492-90da-04f43f73a19d','05dc1eb4-783f-4492-90da-04f43f73a19d','2022-05-05 06:27:00','2022-05-05 06:27:00'),('0b4986d2-cc77-11ec-a127-00163e08598c','Uganda','05dc1eb4-783f-4492-90da-04f43f73a19d','05dc1eb4-783f-4492-90da-04f43f73a19d','2022-05-05 06:27:00','2022-05-05 06:27:00'),('0b4d3162-cc77-11ec-a127-00163e08598c','Ukraine','05dc1eb4-783f-4492-90da-04f43f73a19d','05dc1eb4-783f-4492-90da-04f43f73a19d','2022-05-05 06:27:00','2022-05-05 06:27:00'),('0b50da13-cc77-11ec-a127-00163e08598c','United Arab Emirates','05dc1eb4-783f-4492-90da-04f43f73a19d','05dc1eb4-783f-4492-90da-04f43f73a19d','2022-05-05 06:27:00','2022-05-05 06:27:00'),('0b5481f8-cc77-11ec-a127-00163e08598c','Ukraine','05dc1eb4-783f-4492-90da-04f43f73a19d','05dc1eb4-783f-4492-90da-04f43f73a19d','2022-05-05 06:27:00','2022-05-05 06:27:00'),('0b58a42f-cc77-11ec-a127-00163e08598c','United Kingdom','05dc1eb4-783f-4492-90da-04f43f73a19d','05dc1eb4-783f-4492-90da-04f43f73a19d','2022-05-05 06:27:00','2022-05-05 06:27:00'),('0b5c4eab-cc77-11ec-a127-00163e08598c','United States','05dc1eb4-783f-4492-90da-04f43f73a19d','05dc1eb4-783f-4492-90da-04f43f73a19d','2022-05-05 06:27:00','2022-05-05 06:27:00'),('0b5ff63c-cc77-11ec-a127-00163e08598c','Uruguay','05dc1eb4-783f-4492-90da-04f43f73a19d','05dc1eb4-783f-4492-90da-04f43f73a19d','2022-05-05 06:27:00','2022-05-05 06:27:00'),('0b6464b8-cc77-11ec-a127-00163e08598c','Uzbekistan','05dc1eb4-783f-4492-90da-04f43f73a19d','05dc1eb4-783f-4492-90da-04f43f73a19d','2022-05-05 06:27:00','2022-05-05 06:27:00'),('0b688430-cc77-11ec-a127-00163e08598c','Vatican City','05dc1eb4-783f-4492-90da-04f43f73a19d','05dc1eb4-783f-4492-90da-04f43f73a19d','2022-05-05 06:27:00','2022-05-05 06:27:00'),('0b6c7932-cc77-11ec-a127-00163e08598c','Venezuela','05dc1eb4-783f-4492-90da-04f43f73a19d','05dc1eb4-783f-4492-90da-04f43f73a19d','2022-05-05 06:27:00','2022-05-05 06:27:00'),('0b704c1e-cc77-11ec-a127-00163e08598c','Vietnam','05dc1eb4-783f-4492-90da-04f43f73a19d','05dc1eb4-783f-4492-90da-04f43f73a19d','2022-05-05 06:27:00','2022-05-05 06:27:00'),('0b73f444-cc77-11ec-a127-00163e08598c','Yemen','05dc1eb4-783f-4492-90da-04f43f73a19d','05dc1eb4-783f-4492-90da-04f43f73a19d','2022-05-05 06:27:00','2022-05-05 06:27:00'),('0b77ecbb-cc77-11ec-a127-00163e08598c','Zambia','05dc1eb4-783f-4492-90da-04f43f73a19d','05dc1eb4-783f-4492-90da-04f43f73a19d','2022-05-05 06:27:00','2022-05-05 06:27:00'),('0b7b994c-cc77-11ec-a127-00163e08598c','Zimbabwe','05dc1eb4-783f-4492-90da-04f43f73a19d','05dc1eb4-783f-4492-90da-04f43f73a19d','2022-05-05 06:27:00','2022-05-05 06:27:00'),('ff8ae239-cc76-11ec-a127-00163e08598c','Afghanistan','05dc1eb4-783f-4492-90da-04f43f73a19d','05dc1eb4-783f-4492-90da-04f43f73a19d','2022-05-05 06:26:40','2022-05-04 22:34:24'),('ff8e88b1-cc76-11ec-a127-00163e08598c','Albania','05dc1eb4-783f-4492-90da-04f43f73a19d','05dc1eb4-783f-4492-90da-04f43f73a19d','2022-05-05 06:26:40','2022-05-05 06:26:40'),('ff927f9f-cc76-11ec-a127-00163e08598c','Algeria','05dc1eb4-783f-4492-90da-04f43f73a19d','05dc1eb4-783f-4492-90da-04f43f73a19d','2022-05-05 06:26:40','2022-05-05 06:26:40'),('ff962783-cc76-11ec-a127-00163e08598c','Andorra','05dc1eb4-783f-4492-90da-04f43f73a19d','05dc1eb4-783f-4492-90da-04f43f73a19d','2022-05-05 06:26:40','2022-05-05 06:26:40'),('ff99d373-cc76-11ec-a127-00163e08598c','Angola','05dc1eb4-783f-4492-90da-04f43f73a19d','05dc1eb4-783f-4492-90da-04f43f73a19d','2022-05-05 06:26:40','2022-05-05 06:26:40'),('ff9da502-cc76-11ec-a127-00163e08598c','Argentina','05dc1eb4-783f-4492-90da-04f43f73a19d','05dc1eb4-783f-4492-90da-04f43f73a19d','2022-05-05 06:26:40','2022-05-05 06:26:40'),('ffa171e1-cc76-11ec-a127-00163e08598c','Armenia','05dc1eb4-783f-4492-90da-04f43f73a19d','05dc1eb4-783f-4492-90da-04f43f73a19d','2022-05-05 06:26:40','2022-05-05 06:26:40'),('ffa54952-cc76-11ec-a127-00163e08598c','Australia','05dc1eb4-783f-4492-90da-04f43f73a19d','05dc1eb4-783f-4492-90da-04f43f73a19d','2022-05-05 06:26:40','2022-05-05 06:26:40'),('ffa913e2-cc76-11ec-a127-00163e08598c','Austria','05dc1eb4-783f-4492-90da-04f43f73a19d','05dc1eb4-783f-4492-90da-04f43f73a19d','2022-05-05 06:26:40','2022-05-05 06:26:40'),('fface460-cc76-11ec-a127-00163e08598c','Azerbaijan','05dc1eb4-783f-4492-90da-04f43f73a19d','05dc1eb4-783f-4492-90da-04f43f73a19d','2022-05-05 06:26:40','2022-05-05 06:26:40'),('ffb0b47f-cc76-11ec-a127-00163e08598c','Bahrain','05dc1eb4-783f-4492-90da-04f43f73a19d','05dc1eb4-783f-4492-90da-04f43f73a19d','2022-05-05 06:26:40','2022-05-05 06:26:40'),('ffb48445-cc76-11ec-a127-00163e08598c','Bangladesh','05dc1eb4-783f-4492-90da-04f43f73a19d','05dc1eb4-783f-4492-90da-04f43f73a19d','2022-05-05 06:26:40','2022-05-05 06:26:40'),('ffb85d45-cc76-11ec-a127-00163e08598c','Barbados','05dc1eb4-783f-4492-90da-04f43f73a19d','05dc1eb4-783f-4492-90da-04f43f73a19d','2022-05-05 06:26:41','2022-05-05 06:26:41'),('ffbc26a0-cc76-11ec-a127-00163e08598c','Belarus','05dc1eb4-783f-4492-90da-04f43f73a19d','05dc1eb4-783f-4492-90da-04f43f73a19d','2022-05-05 06:26:41','2022-05-05 06:26:41'),('ffc02085-cc76-11ec-a127-00163e08598c','Belgium','05dc1eb4-783f-4492-90da-04f43f73a19d','05dc1eb4-783f-4492-90da-04f43f73a19d','2022-05-05 06:26:41','2022-05-05 06:26:41'),('ffc3ed31-cc76-11ec-a127-00163e08598c','Bolivia','05dc1eb4-783f-4492-90da-04f43f73a19d','05dc1eb4-783f-4492-90da-04f43f73a19d','2022-05-05 06:26:41','2022-05-05 06:26:41'),('ffc7e71f-cc76-11ec-a127-00163e08598c','Bosnia Herzegovina','05dc1eb4-783f-4492-90da-04f43f73a19d','05dc1eb4-783f-4492-90da-04f43f73a19d','2022-05-05 06:26:41','2022-05-05 06:26:41'),('ffcbe16f-cc76-11ec-a127-00163e08598c','Brazil','05dc1eb4-783f-4492-90da-04f43f73a19d','05dc1eb4-783f-4492-90da-04f43f73a19d','2022-05-05 06:26:41','2022-05-05 06:26:41'),('ffcfab53-cc76-11ec-a127-00163e08598c','Brunei','05dc1eb4-783f-4492-90da-04f43f73a19d','05dc1eb4-783f-4492-90da-04f43f73a19d','2022-05-05 06:26:41','2022-05-05 06:26:41'),('ffd3f6d5-cc76-11ec-a127-00163e08598c','Bulgaria','05dc1eb4-783f-4492-90da-04f43f73a19d','05dc1eb4-783f-4492-90da-04f43f73a19d','2022-05-05 06:26:41','2022-05-05 06:26:41'),('ffd7c511-cc76-11ec-a127-00163e08598c','Cambodia','05dc1eb4-783f-4492-90da-04f43f73a19d','05dc1eb4-783f-4492-90da-04f43f73a19d','2022-05-05 06:26:41','2022-05-05 06:26:41'),('ffdb6df6-cc76-11ec-a127-00163e08598c','Cameroon','05dc1eb4-783f-4492-90da-04f43f73a19d','05dc1eb4-783f-4492-90da-04f43f73a19d','2022-05-05 06:26:41','2022-05-05 06:26:41'),('ffdf416c-cc76-11ec-a127-00163e08598c','Canada','05dc1eb4-783f-4492-90da-04f43f73a19d','05dc1eb4-783f-4492-90da-04f43f73a19d','2022-05-05 06:26:41','2022-05-05 06:26:41'),('ffe2ea01-cc76-11ec-a127-00163e08598c','Chile','05dc1eb4-783f-4492-90da-04f43f73a19d','05dc1eb4-783f-4492-90da-04f43f73a19d','2022-05-05 06:26:41','2022-05-05 06:26:41'),('ffe6bb2d-cc76-11ec-a127-00163e08598c','China','05dc1eb4-783f-4492-90da-04f43f73a19d','05dc1eb4-783f-4492-90da-04f43f73a19d','2022-05-05 06:26:41','2022-05-05 06:26:41'),('ffea8a3d-cc76-11ec-a127-00163e08598c','Colombia','05dc1eb4-783f-4492-90da-04f43f73a19d','05dc1eb4-783f-4492-90da-04f43f73a19d','2022-05-05 06:26:41','2022-05-05 06:26:41'),('ffee34a4-cc76-11ec-a127-00163e08598c','Costa Rica','05dc1eb4-783f-4492-90da-04f43f73a19d','05dc1eb4-783f-4492-90da-04f43f73a19d','2022-05-05 06:26:41','2022-05-05 06:26:41'),('fff1ffca-cc76-11ec-a127-00163e08598c','Croatia','05dc1eb4-783f-4492-90da-04f43f73a19d','05dc1eb4-783f-4492-90da-04f43f73a19d','2022-05-05 06:26:41','2022-05-05 06:26:41'),('fff5aece-cc76-11ec-a127-00163e08598c','Cuba','05dc1eb4-783f-4492-90da-04f43f73a19d','05dc1eb4-783f-4492-90da-04f43f73a19d','2022-05-05 06:26:41','2022-05-05 06:26:41'),('fff9ccb8-cc76-11ec-a127-00163e08598c','Cyprus','05dc1eb4-783f-4492-90da-04f43f73a19d','05dc1eb4-783f-4492-90da-04f43f73a19d','2022-05-05 06:26:41','2022-05-05 06:26:41'),('fffe13fa-cc76-11ec-a127-00163e08598c','Czech Republic','05dc1eb4-783f-4492-90da-04f43f73a19d','05dc1eb4-783f-4492-90da-04f43f73a19d','2022-05-05 06:26:41','2022-05-05 06:26:41');
/*!40000 ALTER TABLE `countries` ENABLE KEYS */;
UNLOCK TABLES;

--
-- Table structure for table `customers`
--

DROP TABLE IF EXISTS `customers`;
/*!40101 SET @saved_cs_client     = @@character_set_client */;
/*!50503 SET character_set_client = utf8mb4 */;
CREATE TABLE `customers` (
  `id` char(36) COLLATE utf8mb4_unicode_ci NOT NULL,
  `user_id` char(36) COLLATE utf8mb4_unicode_ci NOT NULL,
  `first_name` varchar(50) COLLATE utf8mb4_unicode_ci NOT NULL,
  `last_name` varchar(50) COLLATE utf8mb4_unicode_ci NOT NULL,
  `birth_place` varchar(50) COLLATE utf8mb4_unicode_ci NOT NULL,
  `birth_date` date NOT NULL,
  `gender_id` char(36) COLLATE utf8mb4_unicode_ci NOT NULL,
  `nationality_id` char(36) COLLATE utf8mb4_unicode_ci NOT NULL,
  `religion_id` char(36) COLLATE utf8mb4_unicode_ci NOT NULL,
  `marital_id` char(36) COLLATE utf8mb4_unicode_ci NOT NULL,
  `email` varchar(100) COLLATE utf8mb4_unicode_ci NOT NULL,
  `mobile` varchar(50) COLLATE utf8mb4_unicode_ci NOT NULL,
  `blood_type` varchar(10) COLLATE utf8mb4_unicode_ci NOT NULL,
  `address` varchar(255) COLLATE utf8mb4_unicode_ci NOT NULL,
  `country_id` char(36) COLLATE utf8mb4_unicode_ci NOT NULL,
  `state_id` char(36) COLLATE utf8mb4_unicode_ci NOT NULL,
  `city_id` char(36) COLLATE utf8mb4_unicode_ci NOT NULL,
  `zip_code` varchar(5) COLLATE utf8mb4_unicode_ci NOT NULL,
  `photo_name` varchar(255) COLLATE utf8mb4_unicode_ci NOT NULL,
  `photo_type` varchar(20) COLLATE utf8mb4_unicode_ci NOT NULL,
  `photo_path` varchar(50) COLLATE utf8mb4_unicode_ci NOT NULL,
  `created_by` char(36) COLLATE utf8mb4_unicode_ci DEFAULT NULL,
  `updated_by` char(36) COLLATE utf8mb4_unicode_ci DEFAULT NULL,
  `created_at` timestamp NULL DEFAULT NULL,
  `updated_at` timestamp NULL DEFAULT NULL,
  PRIMARY KEY (`id`) USING BTREE
) ENGINE=InnoDB DEFAULT CHARSET=utf8mb4 COLLATE=utf8mb4_unicode_ci ROW_FORMAT=DYNAMIC;
/*!40101 SET character_set_client = @saved_cs_client */;

--
-- Dumping data for table `customers`
--

LOCK TABLES `customers` WRITE;
/*!40000 ALTER TABLE `customers` DISABLE KEYS */;
INSERT INTO `customers` VALUES ('291a473e-11af-4c77-a39c-65a8c3c234ed','572003cd-0230-4534-b84d-eb2d9eab58a7','Tengku','Firmansyah','Bogor','1998-08-02','c526438d-e187-486c-8c08-8092d0895ccb','1a34e0fb-5207-46ae-936b-498fd0a63a1c','26ee9656-2842-4989-ae8b-c36a79afdc98','825d06c7-65d3-4d99-b6e0-c0703127b695','tengkufirmansyah2@gmail.com','082370406655','O','Kp. Bakom, Kel. Bojongkerta, Kota Bogor Selatan','ddbd263f-1d83-4af7-b06e-f1206bb29a45','03ae429a-a24c-4592-83d5-1759288ccc78','ae30aa60-2323-487b-846f-3743f4a09d7b','16139','IMG_2010_1650959485.PNG','PNG','visa.local/storage/customers','572003cd-0230-4534-b84d-eb2d9eab58a7','572003cd-0230-4534-b84d-eb2d9eab58a7','2022-04-25 16:14:53','2022-04-25 16:51:26'),('30ec211c-fb96-4186-ae3c-4ff000bebff7','05dc1eb4-783f-4492-90da-04f43f73a19d','Admin','Member','Bogor','1995-01-01','c526438d-e187-486c-8c08-8092d0895ccb','1a34e0fb-5207-46ae-936b-498fd0a63a1c','26ee9656-2842-4989-ae8b-c36a79afdc98','825d06c7-65d3-4d99-b6e0-c0703127b695','administrator@gmail.com','082370406655','A','Kp. Bakom, Kel. Bojongkerta, Kota Bogor Selatan','ddbd263f-1d83-4af7-b06e-f1206bb29a45','03ae429a-a24c-4592-83d5-1759288ccc78','ae30aa60-2323-487b-846f-3743f4a09d7b','16139','871366_1651386045.png','png','visa.local/storage/customers','05dc1eb4-783f-4492-90da-04f43f73a19d',NULL,'2022-04-30 15:20:46','2022-04-30 15:20:46');
/*!40000 ALTER TABLE `customers` ENABLE KEYS */;
UNLOCK TABLES;

--
-- Table structure for table `form_visa`
--

DROP TABLE IF EXISTS `form_visa`;
/*!40101 SET @saved_cs_client     = @@character_set_client */;
/*!50503 SET character_set_client = utf8mb4 */;
CREATE TABLE `form_visa` (
  `id` char(36) COLLATE utf8mb4_unicode_ci NOT NULL,
  `visa_id` char(36) COLLATE utf8mb4_unicode_ci NOT NULL,
  `name` varchar(50) COLLATE utf8mb4_unicode_ci NOT NULL,
  `slug` varchar(50) COLLATE utf8mb4_unicode_ci NOT NULL,
  `type` varchar(50) COLLATE utf8mb4_unicode_ci NOT NULL,
  `required` tinyint(1) DEFAULT NULL,
  `created_by` char(36) COLLATE utf8mb4_unicode_ci DEFAULT NULL,
  `updated_by` char(36) COLLATE utf8mb4_unicode_ci DEFAULT NULL,
  `created_at` timestamp NULL DEFAULT NULL,
  `updated_at` timestamp NULL DEFAULT NULL,
  PRIMARY KEY (`id`) USING BTREE
) ENGINE=InnoDB DEFAULT CHARSET=utf8mb4 COLLATE=utf8mb4_unicode_ci ROW_FORMAT=DYNAMIC;
/*!40101 SET character_set_client = @saved_cs_client */;

--
-- Dumping data for table `form_visa`
--

LOCK TABLES `form_visa` WRITE;
/*!40000 ALTER TABLE `form_visa` DISABLE KEYS */;
INSERT INTO `form_visa` VALUES ('1a08187d-1a9a-471b-ad04-7c6705141f21','127b27fb-57c4-4495-ae4b-f4c09f307fc5','Age','age','text',1,'572003cd-0230-4534-b84d-eb2d9eab58a7',NULL,'2022-04-27 21:11:26','2022-04-27 21:11:26'),('3efeb7af-12ac-4c5f-879a-7baf50deabfa','127b27fb-57c4-4495-ae4b-f4c09f307fc5','Savings','savings','file',1,'572003cd-0230-4534-b84d-eb2d9eab58a7',NULL,'2022-04-27 21:11:26','2022-04-27 21:11:26'),('9410b2aa-d1f8-4762-87cd-416527dd67db','127b27fb-57c4-4495-ae4b-f4c09f307fc5','Sim','sim','file',0,'572003cd-0230-4534-b84d-eb2d9eab58a7',NULL,'2022-04-27 21:11:26','2022-04-27 21:11:26'),('b14809b1-c024-4582-bebe-f8347ba108c8','127b27fb-57c4-4495-ae4b-f4c09f307fc5','Photo','photo','file',1,'572003cd-0230-4534-b84d-eb2d9eab58a7',NULL,'2022-04-27 21:11:26','2022-04-27 21:11:26'),('bdf04a9c-5453-4cf8-a543-d763095ca075','127b27fb-57c4-4495-ae4b-f4c09f307fc5','Vaccine','vaccine','file',1,'572003cd-0230-4534-b84d-eb2d9eab58a7',NULL,'2022-04-27 21:11:26','2022-04-27 21:11:26');
/*!40000 ALTER TABLE `form_visa` ENABLE KEYS */;
UNLOCK TABLES;

--
-- Table structure for table `migrations`
--

DROP TABLE IF EXISTS `migrations`;
/*!40101 SET @saved_cs_client     = @@character_set_client */;
/*!50503 SET character_set_client = utf8mb4 */;
CREATE TABLE `migrations` (
  `id` int(10) unsigned NOT NULL AUTO_INCREMENT,
  `migration` varchar(255) COLLATE utf8mb4_unicode_ci NOT NULL,
  `batch` int(11) NOT NULL,
  PRIMARY KEY (`id`) USING BTREE
) ENGINE=InnoDB AUTO_INCREMENT=39 DEFAULT CHARSET=utf8mb4 COLLATE=utf8mb4_unicode_ci ROW_FORMAT=DYNAMIC;
/*!40101 SET character_set_client = @saved_cs_client */;

--
-- Dumping data for table `migrations`
--

LOCK TABLES `migrations` WRITE;
/*!40000 ALTER TABLE `migrations` DISABLE KEYS */;
INSERT INTO `migrations` VALUES (30,'2019_12_14_000001_create_personal_access_tokens_table',1),(31,'2022_04_17_152548_create_cities_table',1),(32,'2022_04_23_052647_create_branches_table',2),(34,'2022_04_24_085720_create_parameters_table',3),(35,'2022_04_26_022535_create_customers_table',4),(36,'2022_04_27_043429_create_visa_table',5),(37,'2022_05_01_065153_create_visa_request_table',6),(38,'2022_05_09_003359_create_activities_table',7);
/*!40000 ALTER TABLE `migrations` ENABLE KEYS */;
UNLOCK TABLES;

--
-- Table structure for table `modules`
--

DROP TABLE IF EXISTS `modules`;
/*!40101 SET @saved_cs_client     = @@character_set_client */;
/*!50503 SET character_set_client = utf8mb4 */;
CREATE TABLE `modules` (
  `id` char(36) COLLATE utf8mb4_unicode_ci NOT NULL,
  `code` varchar(10) COLLATE utf8mb4_unicode_ci NOT NULL,
  `name` varchar(100) COLLATE utf8mb4_unicode_ci NOT NULL,
  `image_name` varchar(255) COLLATE utf8mb4_unicode_ci NOT NULL,
  `image_type` varchar(20) COLLATE utf8mb4_unicode_ci NOT NULL,
  `image_path` varchar(50) COLLATE utf8mb4_unicode_ci NOT NULL,
  `status` tinyint(1) NOT NULL,
  `created_by` char(36) COLLATE utf8mb4_unicode_ci DEFAULT NULL,
  `updated_by` char(36) COLLATE utf8mb4_unicode_ci DEFAULT NULL,
  `created_at` timestamp NULL DEFAULT NULL,
  `updated_at` timestamp NULL DEFAULT NULL,
  PRIMARY KEY (`id`) USING BTREE
) ENGINE=InnoDB DEFAULT CHARSET=utf8mb4 COLLATE=utf8mb4_unicode_ci ROW_FORMAT=DYNAMIC;
/*!40101 SET character_set_client = @saved_cs_client */;

--
-- Dumping data for table `modules`
--

LOCK TABLES `modules` WRITE;
/*!40000 ALTER TABLE `modules` DISABLE KEYS */;
INSERT INTO `modules` VALUES ('8795ec75-545a-40b4-aff4-917b2fb6ff0d','0001','Modules','maxx-logo-only-80x80_1650853722.png','png','visa.local/storage/modules',1,'572003cd-0230-4534-b84d-eb2d9eab58a7','572003cd-0230-4534-b84d-eb2d9eab58a7','2022-04-24 11:28:42','2022-04-24 11:40:47');
/*!40000 ALTER TABLE `modules` ENABLE KEYS */;
UNLOCK TABLES;

--
-- Table structure for table `parameters`
--

DROP TABLE IF EXISTS `parameters`;
/*!40101 SET @saved_cs_client     = @@character_set_client */;
/*!50503 SET character_set_client = utf8mb4 */;
CREATE TABLE `parameters` (
  `id` char(36) COLLATE utf8mb4_unicode_ci NOT NULL,
  `group` varchar(20) COLLATE utf8mb4_unicode_ci NOT NULL,
  `name` varchar(30) COLLATE utf8mb4_unicode_ci NOT NULL,
  `value` varchar(40) COLLATE utf8mb4_unicode_ci NOT NULL,
  `created_by` char(36) COLLATE utf8mb4_unicode_ci DEFAULT NULL,
  `updated_by` char(36) COLLATE utf8mb4_unicode_ci DEFAULT NULL,
  `created_at` timestamp NULL DEFAULT NULL,
  `updated_at` timestamp NULL DEFAULT NULL,
  PRIMARY KEY (`id`) USING BTREE
) ENGINE=InnoDB DEFAULT CHARSET=utf8mb4 COLLATE=utf8mb4_unicode_ci ROW_FORMAT=DYNAMIC;
/*!40101 SET character_set_client = @saved_cs_client */;

--
-- Dumping data for table `parameters`
--

LOCK TABLES `parameters` WRITE;
/*!40000 ALTER TABLE `parameters` DISABLE KEYS */;
INSERT INTO `parameters` VALUES ('5bcfc999-cc77-11ec-a127-00163e08598c','GENDER','Female','0','05dc1eb4-783f-4492-90da-04f43f73a19d','05dc1eb4-783f-4492-90da-04f43f73a19d','2022-05-05 06:29:15','2022-05-05 06:29:15'),('5bd395a3-cc77-11ec-a127-00163e08598c','GENDER','Male','1','05dc1eb4-783f-4492-90da-04f43f73a19d','05dc1eb4-783f-4492-90da-04f43f73a19d','2022-05-05 06:29:15','2022-05-05 06:29:15'),('5bd7418b-cc77-11ec-a127-00163e08598c','RELIGION','Islam','islam','05dc1eb4-783f-4492-90da-04f43f73a19d','05dc1eb4-783f-4492-90da-04f43f73a19d','2022-05-05 06:29:15','2022-05-05 06:29:15'),('5bdb0c2b-cc77-11ec-a127-00163e08598c','RELIGION','Catholic','catholic','05dc1eb4-783f-4492-90da-04f43f73a19d','05dc1eb4-783f-4492-90da-04f43f73a19d','2022-05-05 06:29:15','2022-05-05 06:29:15'),('5bdedfc7-cc77-11ec-a127-00163e08598c','RELIGION','Protestant','protestant','05dc1eb4-783f-4492-90da-04f43f73a19d','05dc1eb4-783f-4492-90da-04f43f73a19d','2022-05-05 06:29:15','2022-05-05 06:29:15'),('5be2ae90-cc77-11ec-a127-00163e08598c','RELIGION','Hindu','hindu','05dc1eb4-783f-4492-90da-04f43f73a19d','05dc1eb4-783f-4492-90da-04f43f73a19d','2022-05-05 06:29:15','2022-05-05 06:29:15'),('5be68148-cc77-11ec-a127-00163e08598c','RELIGION','Buddhist','buddhist','05dc1eb4-783f-4492-90da-04f43f73a19d','05dc1eb4-783f-4492-90da-04f43f73a19d','2022-05-05 06:29:15','2022-05-05 06:29:15'),('5bea77ff-cc77-11ec-a127-00163e08598c','RELIGION','Confucianism','confucianism','05dc1eb4-783f-4492-90da-04f43f73a19d','05dc1eb4-783f-4492-90da-04f43f73a19d','2022-05-05 06:29:15','2022-05-05 06:29:15'),('5bee6f81-cc77-11ec-a127-00163e08598c','RELIGION','Other','other','05dc1eb4-783f-4492-90da-04f43f73a19d','05dc1eb4-783f-4492-90da-04f43f73a19d','2022-05-05 06:29:15','2022-05-05 06:29:15'),('5bf24239-cc77-11ec-a127-00163e08598c','MARITAL','Single','single','05dc1eb4-783f-4492-90da-04f43f73a19d','05dc1eb4-783f-4492-90da-04f43f73a19d','2022-05-05 06:29:15','2022-05-05 06:29:15'),('5bf611ca-cc77-11ec-a127-00163e08598c','MARITAL','Married','married','05dc1eb4-783f-4492-90da-04f43f73a19d','05dc1eb4-783f-4492-90da-04f43f73a19d','2022-05-05 06:29:15','2022-05-05 06:29:15'),('5bf9e411-cc77-11ec-a127-00163e08598c','MARITAL','Widow / Widower','widow-er','05dc1eb4-783f-4492-90da-04f43f73a19d','05dc1eb4-783f-4492-90da-04f43f73a19d','2022-05-05 06:29:15','2022-05-05 06:29:15'),('5bfdb389-cc77-11ec-a127-00163e08598c','MARITAL','Divorce','divorce','05dc1eb4-783f-4492-90da-04f43f73a19d','05dc1eb4-783f-4492-90da-04f43f73a19d','2022-05-05 06:29:15','2022-05-05 06:29:15'),('5c0188b1-cc77-11ec-a127-00163e08598c','CURRENCY','AED','uae-dirham','05dc1eb4-783f-4492-90da-04f43f73a19d','05dc1eb4-783f-4492-90da-04f43f73a19d','2022-05-05 06:29:15','2022-05-05 06:29:15'),('5c05520f-cc77-11ec-a127-00163e08598c','CURRENCY','ARS','argentina-peso','05dc1eb4-783f-4492-90da-04f43f73a19d','05dc1eb4-783f-4492-90da-04f43f73a19d','2022-05-05 06:29:15','2022-05-05 06:29:15'),('5c092440-cc77-11ec-a127-00163e08598c','CURRENCY','CAD','canada-dollar','05dc1eb4-783f-4492-90da-04f43f73a19d','05dc1eb4-783f-4492-90da-04f43f73a19d','2022-05-05 06:29:15','2022-05-05 06:29:15'),('5c0cf227-cc77-11ec-a127-00163e08598c','CURRENCY','CNY','china-yuan','05dc1eb4-783f-4492-90da-04f43f73a19d','05dc1eb4-783f-4492-90da-04f43f73a19d','2022-05-05 06:29:15','2022-05-05 06:29:15'),('5c10c4e3-cc77-11ec-a127-00163e08598c','CURRENCY','EUR','euro','05dc1eb4-783f-4492-90da-04f43f73a19d','05dc1eb4-783f-4492-90da-04f43f73a19d','2022-05-05 06:29:15','2022-05-05 06:29:15'),('5c14955c-cc77-11ec-a127-00163e08598c','CURRENCY','GBP','british-pound-sterling','05dc1eb4-783f-4492-90da-04f43f73a19d','05dc1eb4-783f-4492-90da-04f43f73a19d','2022-05-05 06:29:15','2022-05-05 06:29:15'),('5c18b225-cc77-11ec-a127-00163e08598c','CURRENCY','HKD','hong-kong-dollar','05dc1eb4-783f-4492-90da-04f43f73a19d','05dc1eb4-783f-4492-90da-04f43f73a19d','2022-05-05 06:29:15','2022-05-05 06:29:15'),('5c289398-cc77-11ec-a127-00163e08598c','CURRENCY','IDR','indonesia-rupiah','05dc1eb4-783f-4492-90da-04f43f73a19d','05dc1eb4-783f-4492-90da-04f43f73a19d','2022-05-05 06:29:16','2022-05-05 06:29:16'),('5c2c62d2-cc77-11ec-a127-00163e08598c','CURRENCY','INR','india-rupee','05dc1eb4-783f-4492-90da-04f43f73a19d','05dc1eb4-783f-4492-90da-04f43f73a19d','2022-05-05 06:29:16','2022-05-05 06:29:16'),('5c303329-cc77-11ec-a127-00163e08598c','CURRENCY','KRW','korea-won','05dc1eb4-783f-4492-90da-04f43f73a19d','05dc1eb4-783f-4492-90da-04f43f73a19d','2022-05-05 06:29:16','2022-05-05 06:29:16'),('5c33debf-cc77-11ec-a127-00163e08598c','CURRENCY','KWD','kuwait-dinar','05dc1eb4-783f-4492-90da-04f43f73a19d','05dc1eb4-783f-4492-90da-04f43f73a19d','2022-05-05 06:29:16','2022-05-05 06:29:16'),('5c38221e-cc77-11ec-a127-00163e08598c','CURRENCY','MYR','malaysia-ringgit','05dc1eb4-783f-4492-90da-04f43f73a19d','05dc1eb4-783f-4492-90da-04f43f73a19d','2022-05-05 06:29:16','2022-05-05 06:29:16'),('5c3bf286-cc77-11ec-a127-00163e08598c','CURRENCY','RUB','russia-ruble','05dc1eb4-783f-4492-90da-04f43f73a19d','05dc1eb4-783f-4492-90da-04f43f73a19d','2022-05-05 06:29:16','2022-05-05 06:29:16'),('5c3fc5a4-cc77-11ec-a127-00163e08598c','CURRENCY','SAR','saudi-riyal','05dc1eb4-783f-4492-90da-04f43f73a19d','05dc1eb4-783f-4492-90da-04f43f73a19d','2022-05-05 06:29:16','2022-05-05 06:29:16'),('5c439610-cc77-11ec-a127-00163e08598c','CURRENCY','SGD','singapore-dollar','05dc1eb4-783f-4492-90da-04f43f73a19d','05dc1eb4-783f-4492-90da-04f43f73a19d','2022-05-05 06:29:16','2022-05-05 06:29:16'),('5c478dba-cc77-11ec-a127-00163e08598c','CURRENCY','THB','thailand-baht','05dc1eb4-783f-4492-90da-04f43f73a19d','05dc1eb4-783f-4492-90da-04f43f73a19d','2022-05-05 06:29:16','2022-05-05 06:29:16'),('5c4babb0-cc77-11ec-a127-00163e08598c','CURRENCY','TRY','turkey-lira','05dc1eb4-783f-4492-90da-04f43f73a19d','05dc1eb4-783f-4492-90da-04f43f73a19d','2022-05-05 06:29:16','2022-05-05 06:29:16'),('5c50662c-cc77-11ec-a127-00163e08598c','CURRENCY','UAH','ukraine-hryvnia','05dc1eb4-783f-4492-90da-04f43f73a19d','05dc1eb4-783f-4492-90da-04f43f73a19d','2022-05-05 06:29:16','2022-05-05 06:29:16'),('5c54ab3c-cc77-11ec-a127-00163e08598c','CURRENCY','USD','us-dollar','05dc1eb4-783f-4492-90da-04f43f73a19d','05dc1eb4-783f-4492-90da-04f43f73a19d','2022-05-05 06:29:16','2022-05-05 06:29:16'),('5c58c8c9-cc77-11ec-a127-00163e08598c','CURRENCY','VND','vietnam-donk','05dc1eb4-783f-4492-90da-04f43f73a19d','05dc1eb4-783f-4492-90da-04f43f73a19d','2022-05-05 06:29:16','2022-05-05 06:29:16'),('5c5c98b4-cc77-11ec-a127-00163e08598c','NATIONALITY','Afghan','afghan','05dc1eb4-783f-4492-90da-04f43f73a19d','05dc1eb4-783f-4492-90da-04f43f73a19d','2022-05-05 06:29:16','2022-05-05 06:29:16'),('5c606963-cc77-11ec-a127-00163e08598c','NATIONALITY','Albanian','albanian','05dc1eb4-783f-4492-90da-04f43f73a19d','05dc1eb4-783f-4492-90da-04f43f73a19d','2022-05-05 06:29:16','2022-05-05 06:29:16'),('5c641a3d-cc77-11ec-a127-00163e08598c','NATIONALITY','Algerian','algerian','05dc1eb4-783f-4492-90da-04f43f73a19d','05dc1eb4-783f-4492-90da-04f43f73a19d','2022-05-05 06:29:16','2022-05-05 06:29:16'),('5c67eb6a-cc77-11ec-a127-00163e08598c','NATIONALITY','Argentine','argentine','05dc1eb4-783f-4492-90da-04f43f73a19d','05dc1eb4-783f-4492-90da-04f43f73a19d','2022-05-05 06:29:16','2022-05-05 06:29:16'),('5c6c2da4-cc77-11ec-a127-00163e08598c','NATIONALITY','Australian','australian','05dc1eb4-783f-4492-90da-04f43f73a19d','05dc1eb4-783f-4492-90da-04f43f73a19d','2022-05-05 06:29:16','2022-05-05 06:29:16'),('5c7021fe-cc77-11ec-a127-00163e08598c','NATIONALITY','Austrian','austrian','05dc1eb4-783f-4492-90da-04f43f73a19d','05dc1eb4-783f-4492-90da-04f43f73a19d','2022-05-05 06:29:16','2022-05-05 06:29:16'),('5c73f1d4-cc77-11ec-a127-00163e08598c','NATIONALITY','Bangladeshi','bangladeshi','05dc1eb4-783f-4492-90da-04f43f73a19d','05dc1eb4-783f-4492-90da-04f43f73a19d','2022-05-05 06:29:16','2022-05-05 06:29:16'),('5c7812a4-cc77-11ec-a127-00163e08598c','NATIONALITY','Belgian','belgian','05dc1eb4-783f-4492-90da-04f43f73a19d','05dc1eb4-783f-4492-90da-04f43f73a19d','2022-05-05 06:29:16','2022-05-05 06:29:16'),('5c7be1aa-cc77-11ec-a127-00163e08598c','NATIONALITY','Bolivian','bolivian','05dc1eb4-783f-4492-90da-04f43f73a19d','05dc1eb4-783f-4492-90da-04f43f73a19d','2022-05-05 06:29:16','2022-05-05 06:29:16'),('5c7fb2a8-cc77-11ec-a127-00163e08598c','NATIONALITY','Brazilian','brazilian','05dc1eb4-783f-4492-90da-04f43f73a19d','05dc1eb4-783f-4492-90da-04f43f73a19d','2022-05-05 06:29:16','2022-05-05 06:29:16'),('5c8382de-cc77-11ec-a127-00163e08598c','NATIONALITY','Bulgarian','bulgarian','05dc1eb4-783f-4492-90da-04f43f73a19d','05dc1eb4-783f-4492-90da-04f43f73a19d','2022-05-05 06:29:16','2022-05-05 06:29:16'),('5c87a0c1-cc77-11ec-a127-00163e08598c','NATIONALITY','Cambodian','cambodian','05dc1eb4-783f-4492-90da-04f43f73a19d','05dc1eb4-783f-4492-90da-04f43f73a19d','2022-05-05 06:29:16','2022-05-05 06:29:16'),('5c8b7074-cc77-11ec-a127-00163e08598c','NATIONALITY','Cameroonian','cameroonian','05dc1eb4-783f-4492-90da-04f43f73a19d','05dc1eb4-783f-4492-90da-04f43f73a19d','2022-05-05 06:29:16','2022-05-05 06:29:16'),('5c8f41ad-cc77-11ec-a127-00163e08598c','NATIONALITY','Canadian','canadian','05dc1eb4-783f-4492-90da-04f43f73a19d','05dc1eb4-783f-4492-90da-04f43f73a19d','2022-05-05 06:29:16','2022-05-05 06:29:16'),('5c931365-cc77-11ec-a127-00163e08598c','NATIONALITY','Chilean','chilean','05dc1eb4-783f-4492-90da-04f43f73a19d','05dc1eb4-783f-4492-90da-04f43f73a19d','2022-05-05 06:29:16','2022-05-05 06:29:16'),('5c96e25e-cc77-11ec-a127-00163e08598c','NATIONALITY','Chinese','chinese','05dc1eb4-783f-4492-90da-04f43f73a19d','05dc1eb4-783f-4492-90da-04f43f73a19d','2022-05-05 06:29:16','2022-05-05 06:29:16'),('5c9b28af-cc77-11ec-a127-00163e08598c','NATIONALITY','Colombian','colombian','05dc1eb4-783f-4492-90da-04f43f73a19d','05dc1eb4-783f-4492-90da-04f43f73a19d','2022-05-05 06:29:16','2022-05-05 06:29:16'),('5c9efa43-cc77-11ec-a127-00163e08598c','NATIONALITY','Costa Rican','costa-rican','05dc1eb4-783f-4492-90da-04f43f73a19d','05dc1eb4-783f-4492-90da-04f43f73a19d','2022-05-05 06:29:16','2022-05-05 06:29:16'),('5ca2cb4c-cc77-11ec-a127-00163e08598c','NATIONALITY','Croatian','croatian','05dc1eb4-783f-4492-90da-04f43f73a19d','05dc1eb4-783f-4492-90da-04f43f73a19d','2022-05-05 06:29:16','2022-05-05 06:29:16'),('5ca6e9f1-cc77-11ec-a127-00163e08598c','NATIONALITY','Cuban','cuban','05dc1eb4-783f-4492-90da-04f43f73a19d','05dc1eb4-783f-4492-90da-04f43f73a19d','2022-05-05 06:29:16','2022-05-05 06:29:16'),('5cab3182-cc77-11ec-a127-00163e08598c','NATIONALITY','Czech','czech','05dc1eb4-783f-4492-90da-04f43f73a19d','05dc1eb4-783f-4492-90da-04f43f73a19d','2022-05-05 06:29:16','2022-05-05 06:29:16'),('5caeff79-cc77-11ec-a127-00163e08598c','NATIONALITY','Danish','danish','05dc1eb4-783f-4492-90da-04f43f73a19d','05dc1eb4-783f-4492-90da-04f43f73a19d','2022-05-05 06:29:16','2022-05-05 06:29:16'),('5cb2d0a6-cc77-11ec-a127-00163e08598c','NATIONALITY','Dominican','dominican','05dc1eb4-783f-4492-90da-04f43f73a19d','05dc1eb4-783f-4492-90da-04f43f73a19d','2022-05-05 06:29:17','2022-05-05 06:29:17'),('5cb6a1e5-cc77-11ec-a127-00163e08598c','NATIONALITY','Ecuadorian','ecuadorian','05dc1eb4-783f-4492-90da-04f43f73a19d','05dc1eb4-783f-4492-90da-04f43f73a19d','2022-05-05 06:29:17','2022-05-05 06:29:17'),('5cba7398-cc77-11ec-a127-00163e08598c','NATIONALITY','Egyptian','egyptian','05dc1eb4-783f-4492-90da-04f43f73a19d','05dc1eb4-783f-4492-90da-04f43f73a19d','2022-05-05 06:29:17','2022-05-05 06:29:17'),('5cbe3eff-cc77-11ec-a127-00163e08598c','NATIONALITY','Salvadorian','salvadorian','05dc1eb4-783f-4492-90da-04f43f73a19d','05dc1eb4-783f-4492-90da-04f43f73a19d','2022-05-05 06:29:17','2022-05-05 06:29:17'),('5cc213d7-cc77-11ec-a127-00163e08598c','NATIONALITY','English','english','05dc1eb4-783f-4492-90da-04f43f73a19d','05dc1eb4-783f-4492-90da-04f43f73a19d','2022-05-05 06:29:17','2022-05-05 06:29:17'),('5cc85d42-cc77-11ec-a127-00163e08598c','NATIONALITY','Estonian','estonian','05dc1eb4-783f-4492-90da-04f43f73a19d','05dc1eb4-783f-4492-90da-04f43f73a19d','2022-05-05 06:29:17','2022-05-05 06:29:17'),('5ccf0ae3-cc77-11ec-a127-00163e08598c','NATIONALITY','Ethiopian','ethiopian','05dc1eb4-783f-4492-90da-04f43f73a19d','05dc1eb4-783f-4492-90da-04f43f73a19d','2022-05-05 06:29:17','2022-05-05 06:29:17'),('5cd2dce8-cc77-11ec-a127-00163e08598c','NATIONALITY','Fijian','fijian','05dc1eb4-783f-4492-90da-04f43f73a19d','05dc1eb4-783f-4492-90da-04f43f73a19d','2022-05-05 06:29:17','2022-05-05 06:29:17'),('5cd686d3-cc77-11ec-a127-00163e08598c','NATIONALITY','Finnish','finnish','05dc1eb4-783f-4492-90da-04f43f73a19d','05dc1eb4-783f-4492-90da-04f43f73a19d','2022-05-05 06:29:17','2022-05-05 06:29:17'),('5cda2ed1-cc77-11ec-a127-00163e08598c','NATIONALITY','French','french','05dc1eb4-783f-4492-90da-04f43f73a19d','05dc1eb4-783f-4492-90da-04f43f73a19d','2022-05-05 06:29:17','2022-05-05 06:29:17'),('5cddfdf4-cc77-11ec-a127-00163e08598c','NATIONALITY','German','german','05dc1eb4-783f-4492-90da-04f43f73a19d','05dc1eb4-783f-4492-90da-04f43f73a19d','2022-05-05 06:29:17','2022-05-05 06:29:17'),('5ce1ccd8-cc77-11ec-a127-00163e08598c','NATIONALITY','Ghanaian','ghanaian','05dc1eb4-783f-4492-90da-04f43f73a19d','05dc1eb4-783f-4492-90da-04f43f73a19d','2022-05-05 06:29:17','2022-05-05 06:29:17'),('5ce57b95-cc77-11ec-a127-00163e08598c','NATIONALITY','Greek','greek','05dc1eb4-783f-4492-90da-04f43f73a19d','05dc1eb4-783f-4492-90da-04f43f73a19d','2022-05-05 06:29:17','2022-05-05 06:29:17'),('5ce9475f-cc77-11ec-a127-00163e08598c','NATIONALITY','Haitian','haitian','05dc1eb4-783f-4492-90da-04f43f73a19d','05dc1eb4-783f-4492-90da-04f43f73a19d','2022-05-05 06:29:17','2022-05-05 06:29:17'),('5ced902e-cc77-11ec-a127-00163e08598c','NATIONALITY','Honduran','honduran','05dc1eb4-783f-4492-90da-04f43f73a19d','05dc1eb4-783f-4492-90da-04f43f73a19d','2022-05-05 06:29:17','2022-05-05 06:29:17'),('5cf16018-cc77-11ec-a127-00163e08598c','NATIONALITY','Hungarian','hungarian','05dc1eb4-783f-4492-90da-04f43f73a19d','05dc1eb4-783f-4492-90da-04f43f73a19d','2022-05-05 06:29:17','2022-05-05 06:29:17'),('5cf5334f-cc77-11ec-a127-00163e08598c','NATIONALITY','Icelandic','icelandic','05dc1eb4-783f-4492-90da-04f43f73a19d','05dc1eb4-783f-4492-90da-04f43f73a19d','2022-05-05 06:29:17','2022-05-05 06:29:17'),('5cf9072e-cc77-11ec-a127-00163e08598c','NATIONALITY','Indian','indian','05dc1eb4-783f-4492-90da-04f43f73a19d','05dc1eb4-783f-4492-90da-04f43f73a19d','2022-05-05 06:29:17','2022-05-05 06:29:17'),('5cfcac95-cc77-11ec-a127-00163e08598c','NATIONALITY','Indonesian','indonesian','05dc1eb4-783f-4492-90da-04f43f73a19d','05dc1eb4-783f-4492-90da-04f43f73a19d','2022-05-05 06:29:17','2022-05-05 06:29:17'),('5d007d15-cc77-11ec-a127-00163e08598c','NATIONALITY','Iranian','iranian','05dc1eb4-783f-4492-90da-04f43f73a19d','05dc1eb4-783f-4492-90da-04f43f73a19d','2022-05-05 06:29:17','2022-05-05 06:29:17'),('5d0474ee-cc77-11ec-a127-00163e08598c','NATIONALITY','Iraqi','iraqi','05dc1eb4-783f-4492-90da-04f43f73a19d','05dc1eb4-783f-4492-90da-04f43f73a19d','2022-05-05 06:29:17','2022-05-05 06:29:17'),('5d09f2c0-cc77-11ec-a127-00163e08598c','NATIONALITY','Irish','irish','05dc1eb4-783f-4492-90da-04f43f73a19d','05dc1eb4-783f-4492-90da-04f43f73a19d','2022-05-05 06:29:17','2022-05-05 06:29:17'),('5d0fbdba-cc77-11ec-a127-00163e08598c','NATIONALITY','Israeli','israeli','05dc1eb4-783f-4492-90da-04f43f73a19d','05dc1eb4-783f-4492-90da-04f43f73a19d','2022-05-05 06:29:17','2022-05-05 06:29:17'),('5d13b633-cc77-11ec-a127-00163e08598c','NATIONALITY','Jamaican','jamaican','05dc1eb4-783f-4492-90da-04f43f73a19d','05dc1eb4-783f-4492-90da-04f43f73a19d','2022-05-05 06:29:17','2022-05-05 06:29:17'),('5d189911-cc77-11ec-a127-00163e08598c','NATIONALITY','Japanese','japanese','05dc1eb4-783f-4492-90da-04f43f73a19d','05dc1eb4-783f-4492-90da-04f43f73a19d','2022-05-05 06:29:17','2022-05-05 06:29:17'),('5d1d4eff-cc77-11ec-a127-00163e08598c','NATIONALITY','Jordanian','jordanian','05dc1eb4-783f-4492-90da-04f43f73a19d','05dc1eb4-783f-4492-90da-04f43f73a19d','2022-05-05 06:29:17','2022-05-05 06:29:17'),('5d2120db-cc77-11ec-a127-00163e08598c','NATIONALITY','Kenyan','kenyan','05dc1eb4-783f-4492-90da-04f43f73a19d','05dc1eb4-783f-4492-90da-04f43f73a19d','2022-05-05 06:29:17','2022-05-05 06:29:17'),('5d256902-cc77-11ec-a127-00163e08598c','NATIONALITY','Kuwaiti','kuwaiti','05dc1eb4-783f-4492-90da-04f43f73a19d','05dc1eb4-783f-4492-90da-04f43f73a19d','2022-05-05 06:29:17','2022-05-05 06:29:17'),('5d298842-cc77-11ec-a127-00163e08598c','NATIONALITY','Lao','lao','05dc1eb4-783f-4492-90da-04f43f73a19d','05dc1eb4-783f-4492-90da-04f43f73a19d','2022-05-05 06:29:17','2022-05-05 06:29:17'),('5d2e6aa0-cc77-11ec-a127-00163e08598c','NATIONALITY','Latvian','latvian','05dc1eb4-783f-4492-90da-04f43f73a19d','05dc1eb4-783f-4492-90da-04f43f73a19d','2022-05-05 06:29:17','2022-05-05 06:29:17'),('5d3262fc-cc77-11ec-a127-00163e08598c','NATIONALITY','Lebanese','lebanese','05dc1eb4-783f-4492-90da-04f43f73a19d','05dc1eb4-783f-4492-90da-04f43f73a19d','2022-05-05 06:29:17','2022-05-05 06:29:17'),('5d36831f-cc77-11ec-a127-00163e08598c','NATIONALITY','Libyan','libyan','05dc1eb4-783f-4492-90da-04f43f73a19d','05dc1eb4-783f-4492-90da-04f43f73a19d','2022-05-05 06:29:17','2022-05-05 06:29:17'),('5d3b3c14-cc77-11ec-a127-00163e08598c','NATIONALITY','Lithuanian','lithuanian','05dc1eb4-783f-4492-90da-04f43f73a19d','05dc1eb4-783f-4492-90da-04f43f73a19d','2022-05-05 06:29:17','2022-05-05 06:29:17'),('5d3f5a9d-cc77-11ec-a127-00163e08598c','NATIONALITY','Malagasy','malagasy','05dc1eb4-783f-4492-90da-04f43f73a19d','05dc1eb4-783f-4492-90da-04f43f73a19d','2022-05-05 06:29:17','2022-05-05 06:29:17'),('5d443cab-cc77-11ec-a127-00163e08598c','NATIONALITY','Malaysian','malaysian','05dc1eb4-783f-4492-90da-04f43f73a19d','05dc1eb4-783f-4492-90da-04f43f73a19d','2022-05-05 06:29:17','2022-05-05 06:29:17'),('5d4991b8-cc77-11ec-a127-00163e08598c','NATIONALITY','Malian','malian','05dc1eb4-783f-4492-90da-04f43f73a19d','05dc1eb4-783f-4492-90da-04f43f73a19d','2022-05-05 06:29:17','2022-05-05 06:29:17'),('5d4e4fc3-cc77-11ec-a127-00163e08598c','NATIONALITY','Maltese','maltese','05dc1eb4-783f-4492-90da-04f43f73a19d','05dc1eb4-783f-4492-90da-04f43f73a19d','2022-05-05 06:29:18','2022-05-05 06:29:18'),('5d530999-cc77-11ec-a127-00163e08598c','NATIONALITY','Mexican','mexican','05dc1eb4-783f-4492-90da-04f43f73a19d','05dc1eb4-783f-4492-90da-04f43f73a19d','2022-05-05 06:29:18','2022-05-05 06:29:18'),('5d572aa5-cc77-11ec-a127-00163e08598c','NATIONALITY','Mongolian','mongolian','05dc1eb4-783f-4492-90da-04f43f73a19d','05dc1eb4-783f-4492-90da-04f43f73a19d','2022-05-05 06:29:18','2022-05-05 06:29:18'),('5d5c7eed-cc77-11ec-a127-00163e08598c','NATIONALITY','Moroccan','moroccan','05dc1eb4-783f-4492-90da-04f43f73a19d','05dc1eb4-783f-4492-90da-04f43f73a19d','2022-05-05 06:29:18','2022-05-05 06:29:18'),('5d613a73-cc77-11ec-a127-00163e08598c','NATIONALITY','Mozambican','mozambican','05dc1eb4-783f-4492-90da-04f43f73a19d','05dc1eb4-783f-4492-90da-04f43f73a19d','2022-05-05 06:29:18','2022-05-05 06:29:18'),('5d65a58b-cc77-11ec-a127-00163e08598c','NATIONALITY','Namibian','namibian','05dc1eb4-783f-4492-90da-04f43f73a19d','05dc1eb4-783f-4492-90da-04f43f73a19d','2022-05-05 06:29:18','2022-05-05 06:29:18'),('5d6a871e-cc77-11ec-a127-00163e08598c','NATIONALITY','Nepalese','nepalese','05dc1eb4-783f-4492-90da-04f43f73a19d','05dc1eb4-783f-4492-90da-04f43f73a19d','2022-05-05 06:29:18','2022-05-05 06:29:18'),('5d6eaaa1-cc77-11ec-a127-00163e08598c','NATIONALITY','Dutch','dutch','05dc1eb4-783f-4492-90da-04f43f73a19d','05dc1eb4-783f-4492-90da-04f43f73a19d','2022-05-05 06:29:18','2022-05-05 06:29:18'),('5d73b0f0-cc77-11ec-a127-00163e08598c','NATIONALITY','New Zealand','new-zealand','05dc1eb4-783f-4492-90da-04f43f73a19d','05dc1eb4-783f-4492-90da-04f43f73a19d','2022-05-05 06:29:18','2022-05-05 06:29:18'),('5d78b9c3-cc77-11ec-a127-00163e08598c','NATIONALITY','Nicaraguan','nicaraguan','05dc1eb4-783f-4492-90da-04f43f73a19d','05dc1eb4-783f-4492-90da-04f43f73a19d','2022-05-05 06:29:18','2022-05-05 06:29:18'),('5d7d76b2-cc77-11ec-a127-00163e08598c','NATIONALITY','Nigerian','nigerian','05dc1eb4-783f-4492-90da-04f43f73a19d','05dc1eb4-783f-4492-90da-04f43f73a19d','2022-05-05 06:29:18','2022-05-05 06:29:18'),('5d81e463-cc77-11ec-a127-00163e08598c','NATIONALITY','Norwegian','norwegian','05dc1eb4-783f-4492-90da-04f43f73a19d','05dc1eb4-783f-4492-90da-04f43f73a19d','2022-05-05 06:29:18','2022-05-05 06:29:18'),('5d86c5c2-cc77-11ec-a127-00163e08598c','NATIONALITY','Pakistani','pakistani','05dc1eb4-783f-4492-90da-04f43f73a19d','05dc1eb4-783f-4492-90da-04f43f73a19d','2022-05-05 06:29:18','2022-05-05 06:29:18'),('5d8b09bf-cc77-11ec-a127-00163e08598c','NATIONALITY','Panamanian','panamanian','05dc1eb4-783f-4492-90da-04f43f73a19d','05dc1eb4-783f-4492-90da-04f43f73a19d','2022-05-05 06:29:18','2022-05-05 06:29:18'),('5d8f9ce1-cc77-11ec-a127-00163e08598c','NATIONALITY','Paraguayan','paraguayan','05dc1eb4-783f-4492-90da-04f43f73a19d','05dc1eb4-783f-4492-90da-04f43f73a19d','2022-05-05 06:29:18','2022-05-05 06:29:18'),('5d942f1b-cc77-11ec-a127-00163e08598c','NATIONALITY','Peruvian','peruvian','05dc1eb4-783f-4492-90da-04f43f73a19d','05dc1eb4-783f-4492-90da-04f43f73a19d','2022-05-05 06:29:18','2022-05-05 06:29:18'),('5d998769-cc77-11ec-a127-00163e08598c','NATIONALITY','Philippine','philippine','05dc1eb4-783f-4492-90da-04f43f73a19d','05dc1eb4-783f-4492-90da-04f43f73a19d','2022-05-05 06:29:18','2022-05-05 06:29:18'),('5d9df4e9-cc77-11ec-a127-00163e08598c','NATIONALITY','Polish','polish','05dc1eb4-783f-4492-90da-04f43f73a19d','05dc1eb4-783f-4492-90da-04f43f73a19d','2022-05-05 06:29:18','2022-05-05 06:29:18'),('5da2141a-cc77-11ec-a127-00163e08598c','NATIONALITY','Portuguese','portuguese','05dc1eb4-783f-4492-90da-04f43f73a19d','05dc1eb4-783f-4492-90da-04f43f73a19d','2022-05-05 06:29:18','2022-05-05 06:29:18'),('5da65732-cc77-11ec-a127-00163e08598c','NATIONALITY','Romanian','romanian','05dc1eb4-783f-4492-90da-04f43f73a19d','05dc1eb4-783f-4492-90da-04f43f73a19d','2022-05-05 06:29:18','2022-05-05 06:29:18'),('5daac70b-cc77-11ec-a127-00163e08598c','NATIONALITY','Russian','russian','05dc1eb4-783f-4492-90da-04f43f73a19d','05dc1eb4-783f-4492-90da-04f43f73a19d','2022-05-05 06:29:18','2022-05-05 06:29:18'),('5db12cb8-cc77-11ec-a127-00163e08598c','NATIONALITY','Saudi','saudi','05dc1eb4-783f-4492-90da-04f43f73a19d','05dc1eb4-783f-4492-90da-04f43f73a19d','2022-05-05 06:29:18','2022-05-05 06:29:18'),('5db4d5c1-cc77-11ec-a127-00163e08598c','NATIONALITY','Scottish','scottish','05dc1eb4-783f-4492-90da-04f43f73a19d','05dc1eb4-783f-4492-90da-04f43f73a19d','2022-05-05 06:29:18','2022-05-05 06:29:18'),('5db8cd7c-cc77-11ec-a127-00163e08598c','NATIONALITY','Senegalese','senegalese','05dc1eb4-783f-4492-90da-04f43f73a19d','05dc1eb4-783f-4492-90da-04f43f73a19d','2022-05-05 06:29:18','2022-05-05 06:29:18'),('5dbc79b1-cc77-11ec-a127-00163e08598c','NATIONALITY','Serbian','serbian','05dc1eb4-783f-4492-90da-04f43f73a19d','05dc1eb4-783f-4492-90da-04f43f73a19d','2022-05-05 06:29:18','2022-05-05 06:29:18'),('5dc04911-cc77-11ec-a127-00163e08598c','NATIONALITY','Singaporean','singaporean','05dc1eb4-783f-4492-90da-04f43f73a19d','05dc1eb4-783f-4492-90da-04f43f73a19d','2022-05-05 06:29:18','2022-05-05 06:29:18'),('5dc4437d-cc77-11ec-a127-00163e08598c','NATIONALITY','Slovak','slovak','05dc1eb4-783f-4492-90da-04f43f73a19d','05dc1eb4-783f-4492-90da-04f43f73a19d','2022-05-05 06:29:18','2022-05-05 06:29:18'),('5dc8119c-cc77-11ec-a127-00163e08598c','NATIONALITY','South African','south-african','05dc1eb4-783f-4492-90da-04f43f73a19d','05dc1eb4-783f-4492-90da-04f43f73a19d','2022-05-05 06:29:18','2022-05-05 06:29:18'),('5dcbe2b5-cc77-11ec-a127-00163e08598c','NATIONALITY','Korean','korean','05dc1eb4-783f-4492-90da-04f43f73a19d','05dc1eb4-783f-4492-90da-04f43f73a19d','2022-05-05 06:29:18','2022-05-05 06:29:18'),('5dcfd7de-cc77-11ec-a127-00163e08598c','NATIONALITY','Spanish','spanish','05dc1eb4-783f-4492-90da-04f43f73a19d','05dc1eb4-783f-4492-90da-04f43f73a19d','2022-05-05 06:29:18','2022-05-05 06:29:18'),('5dd422fc-cc77-11ec-a127-00163e08598c','NATIONALITY','Sri Lankan','sri-lankan','05dc1eb4-783f-4492-90da-04f43f73a19d','05dc1eb4-783f-4492-90da-04f43f73a19d','2022-05-05 06:29:18','2022-05-05 06:29:18'),('5dd7ca2c-cc77-11ec-a127-00163e08598c','NATIONALITY','Sudanese','sudanese','05dc1eb4-783f-4492-90da-04f43f73a19d','05dc1eb4-783f-4492-90da-04f43f73a19d','2022-05-05 06:29:18','2022-05-05 06:29:18'),('5ddb9a8b-cc77-11ec-a127-00163e08598c','NATIONALITY','Swedish','swedish','05dc1eb4-783f-4492-90da-04f43f73a19d','05dc1eb4-783f-4492-90da-04f43f73a19d','2022-05-05 06:29:18','2022-05-05 06:29:18'),('5ddf93ed-cc77-11ec-a127-00163e08598c','NATIONALITY','Swiss','swiss','05dc1eb4-783f-4492-90da-04f43f73a19d','05dc1eb4-783f-4492-90da-04f43f73a19d','2022-05-05 06:29:18','2022-05-05 06:29:18'),('5de35fe8-cc77-11ec-a127-00163e08598c','NATIONALITY','Syrian','syrian','05dc1eb4-783f-4492-90da-04f43f73a19d','05dc1eb4-783f-4492-90da-04f43f73a19d','2022-05-05 06:29:18','2022-05-05 06:29:18'),('5de73a02-cc77-11ec-a127-00163e08598c','NATIONALITY','Taiwanese','taiwanese','05dc1eb4-783f-4492-90da-04f43f73a19d','05dc1eb4-783f-4492-90da-04f43f73a19d','2022-05-05 06:29:19','2022-05-05 06:29:19'),('5deb021f-cc77-11ec-a127-00163e08598c','NATIONALITY','Tajikistani','tajikistani','05dc1eb4-783f-4492-90da-04f43f73a19d','05dc1eb4-783f-4492-90da-04f43f73a19d','2022-05-05 06:29:19','2022-05-05 06:29:19'),('5def20ae-cc77-11ec-a127-00163e08598c','NATIONALITY','Thai','thai','05dc1eb4-783f-4492-90da-04f43f73a19d','05dc1eb4-783f-4492-90da-04f43f73a19d','2022-05-05 06:29:19','2022-05-05 06:29:19'),('5df38b17-cc77-11ec-a127-00163e08598c','NATIONALITY','Tongan','tongan','05dc1eb4-783f-4492-90da-04f43f73a19d','05dc1eb4-783f-4492-90da-04f43f73a19d','2022-05-05 06:29:19','2022-05-05 06:29:19'),('5e005d62-cc77-11ec-a127-00163e08598c','NATIONALITY','Tunisian','tunisian','05dc1eb4-783f-4492-90da-04f43f73a19d','05dc1eb4-783f-4492-90da-04f43f73a19d','2022-05-05 06:29:19','2022-05-05 06:29:19'),('5e040930-cc77-11ec-a127-00163e08598c','NATIONALITY','Turkish','turkish','05dc1eb4-783f-4492-90da-04f43f73a19d','05dc1eb4-783f-4492-90da-04f43f73a19d','2022-05-05 06:29:19','2022-05-05 06:29:19'),('5e082647-cc77-11ec-a127-00163e08598c','NATIONALITY','Ukrainian','ukrainian','05dc1eb4-783f-4492-90da-04f43f73a19d','05dc1eb4-783f-4492-90da-04f43f73a19d','2022-05-05 06:29:19','2022-05-05 06:29:19'),('5e0c45fb-cc77-11ec-a127-00163e08598c','NATIONALITY','Emirati','emirati','05dc1eb4-783f-4492-90da-04f43f73a19d','05dc1eb4-783f-4492-90da-04f43f73a19d','2022-05-05 06:29:19','2022-05-05 06:29:19'),('5e0fee78-cc77-11ec-a127-00163e08598c','NATIONALITY','British','british','05dc1eb4-783f-4492-90da-04f43f73a19d','05dc1eb4-783f-4492-90da-04f43f73a19d','2022-05-05 06:29:19','2022-05-05 06:29:19'),('5e13c1d3-cc77-11ec-a127-00163e08598c','NATIONALITY','American','american','05dc1eb4-783f-4492-90da-04f43f73a19d','05dc1eb4-783f-4492-90da-04f43f73a19d','2022-05-05 06:29:19','2022-05-05 06:29:19'),('5e17e07e-cc77-11ec-a127-00163e08598c','NATIONALITY','Uruguayan','uruguayan','05dc1eb4-783f-4492-90da-04f43f73a19d','05dc1eb4-783f-4492-90da-04f43f73a19d','2022-05-05 06:29:19','2022-05-05 06:29:19'),('5e1bb3be-cc77-11ec-a127-00163e08598c','NATIONALITY','Venezuelan','venezuelan','05dc1eb4-783f-4492-90da-04f43f73a19d','05dc1eb4-783f-4492-90da-04f43f73a19d','2022-05-05 06:29:19','2022-05-05 06:29:19'),('5e1f7ce3-cc77-11ec-a127-00163e08598c','NATIONALITY','Vietnamese','vietnamese','05dc1eb4-783f-4492-90da-04f43f73a19d','05dc1eb4-783f-4492-90da-04f43f73a19d','2022-05-05 06:29:19','2022-05-05 06:29:19'),('5e260c2b-cc77-11ec-a127-00163e08598c','NATIONALITY','Welsh','welsh','05dc1eb4-783f-4492-90da-04f43f73a19d','05dc1eb4-783f-4492-90da-04f43f73a19d','2022-05-05 06:29:19','2022-05-05 06:29:19'),('5e29ba7b-cc77-11ec-a127-00163e08598c','NATIONALITY','Zambian','zambian','05dc1eb4-783f-4492-90da-04f43f73a19d','05dc1eb4-783f-4492-90da-04f43f73a19d','2022-05-05 06:29:19','2022-05-05 06:29:19'),('5e2d8c67-cc77-11ec-a127-00163e08598c','NATIONALITY','Zimbabwean','zimbabwean','05dc1eb4-783f-4492-90da-04f43f73a19d','05dc1eb4-783f-4492-90da-04f43f73a19d','2022-05-05 06:29:19','2022-05-05 06:29:19');
/*!40000 ALTER TABLE `parameters` ENABLE KEYS */;
UNLOCK TABLES;

--
-- Table structure for table `passports`
--

DROP TABLE IF EXISTS `passports`;
/*!40101 SET @saved_cs_client     = @@character_set_client */;
/*!50503 SET character_set_client = utf8mb4 */;
CREATE TABLE `passports` (
  `id` char(36) COLLATE utf8mb4_unicode_ci NOT NULL,
  `customers_id` char(36) COLLATE utf8mb4_unicode_ci NOT NULL,
  `number` varchar(25) COLLATE utf8mb4_unicode_ci NOT NULL,
  `country_id` char(36) COLLATE utf8mb4_unicode_ci NOT NULL,
  `issued_date` date NOT NULL,
  `issued_office` varchar(50) COLLATE utf8mb4_unicode_ci NOT NULL,
  `expired_date` date NOT NULL,
  `created_by` char(36) COLLATE utf8mb4_unicode_ci DEFAULT NULL,
  `updated_by` char(36) COLLATE utf8mb4_unicode_ci DEFAULT NULL,
  `created_at` timestamp NULL DEFAULT NULL,
  `updated_at` timestamp NULL DEFAULT NULL,
  PRIMARY KEY (`id`) USING BTREE
) ENGINE=InnoDB DEFAULT CHARSET=utf8mb4 COLLATE=utf8mb4_unicode_ci ROW_FORMAT=DYNAMIC;
/*!40101 SET character_set_client = @saved_cs_client */;

--
-- Dumping data for table `passports`
--

LOCK TABLES `passports` WRITE;
/*!40000 ALTER TABLE `passports` DISABLE KEYS */;
/*!40000 ALTER TABLE `passports` ENABLE KEYS */;
UNLOCK TABLES;

--
-- Table structure for table `password_resets`
--

DROP TABLE IF EXISTS `password_resets`;
/*!40101 SET @saved_cs_client     = @@character_set_client */;
/*!50503 SET character_set_client = utf8mb4 */;
CREATE TABLE `password_resets` (
  `email` varchar(255) COLLATE utf8mb4_unicode_ci NOT NULL,
  `token` varchar(255) COLLATE utf8mb4_unicode_ci NOT NULL,
  `created_at` timestamp NULL DEFAULT NULL
) ENGINE=InnoDB DEFAULT CHARSET=utf8mb4 COLLATE=utf8mb4_unicode_ci ROW_FORMAT=DYNAMIC;
/*!40101 SET character_set_client = @saved_cs_client */;

--
-- Dumping data for table `password_resets`
--

LOCK TABLES `password_resets` WRITE;
/*!40000 ALTER TABLE `password_resets` DISABLE KEYS */;
/*!40000 ALTER TABLE `password_resets` ENABLE KEYS */;
UNLOCK TABLES;

--
-- Table structure for table `permissions`
--

DROP TABLE IF EXISTS `permissions`;
/*!40101 SET @saved_cs_client     = @@character_set_client */;
/*!50503 SET character_set_client = utf8mb4 */;
CREATE TABLE `permissions` (
  `id` char(36) COLLATE utf8mb4_unicode_ci NOT NULL,
  `name` varchar(50) COLLATE utf8mb4_unicode_ci NOT NULL,
  `slug` varchar(100) COLLATE utf8mb4_unicode_ci NOT NULL,
  `created_by` char(36) COLLATE utf8mb4_unicode_ci DEFAULT NULL,
  `updated_by` char(36) COLLATE utf8mb4_unicode_ci DEFAULT NULL,
  `created_at` timestamp NULL DEFAULT NULL,
  `updated_at` timestamp NULL DEFAULT NULL,
  PRIMARY KEY (`id`) USING BTREE,
  KEY `permissions_created_by_foreign` (`created_by`) USING BTREE,
  KEY `permissions_updated_by_foreign` (`updated_by`) USING BTREE
) ENGINE=InnoDB DEFAULT CHARSET=utf8mb4 COLLATE=utf8mb4_unicode_ci ROW_FORMAT=DYNAMIC;
/*!40101 SET character_set_client = @saved_cs_client */;

--
-- Dumping data for table `permissions`
--

LOCK TABLES `permissions` WRITE;
/*!40000 ALTER TABLE `permissions` DISABLE KEYS */;
INSERT INTO `permissions` VALUES ('004571c0-0785-4b29-8778-d8031acb1436','Modules Update','modules-update','572003cd-0230-4534-b84d-eb2d9eab58a7',NULL,'2022-04-24 10:08:30','2022-04-24 10:08:30'),('014f167d-5360-4cc4-8cbe-274da2ad7752','Cities Create','cities-create','572003cd-0230-4534-b84d-eb2d9eab58a7',NULL,'2022-04-21 15:11:21','2022-04-21 15:11:21'),('09c14694-89ee-4029-a7cf-76b0581be6de','App Settings Update','app-settings-update','1',NULL,'2021-11-07 12:09:10',NULL),('0b8ad518-bdea-46a0-a05f-abf475c26e9e','States View','states-view','572003cd-0230-4534-b84d-eb2d9eab58a7',NULL,'2022-04-21 12:15:13','2022-04-21 12:15:13'),('0eb1754b-7846-4185-a140-eaee352e7f1a','Users Delete','users-delete','572003cd-0230-4534-b84d-eb2d9eab58a7',NULL,'2022-04-18 23:52:19','2022-04-18 23:52:19'),('0f254a81-85a0-4660-af12-8733a8f5abee','Cities View','cities-view','572003cd-0230-4534-b84d-eb2d9eab58a7',NULL,'2022-04-21 15:11:21','2022-04-21 15:11:21'),('10baa8c6-f0bd-4d54-b940-b0bfb176152d','Modules Create','modules-create','572003cd-0230-4534-b84d-eb2d9eab58a7',NULL,'2022-04-24 10:08:30','2022-04-24 10:08:30'),('1138e995-1fe3-4eb2-b961-8a61e872de10','Countries Edit','countries-edit','572003cd-0230-4534-b84d-eb2d9eab58a7',NULL,'2022-04-21 09:29:46','2022-04-21 09:29:46'),('13376f2a-d77a-49ba-930c-ab0e4d318dc8','States Edit','states-edit','572003cd-0230-4534-b84d-eb2d9eab58a7',NULL,'2022-04-21 12:15:13','2022-04-21 12:15:13'),('13d69074-a66f-4e57-9095-5a4001289b1d','Branches Edit','branches-edit','572003cd-0230-4534-b84d-eb2d9eab58a7',NULL,'2022-04-22 14:41:19','2022-04-22 14:41:19'),('1600f3d3-539a-4737-9484-d89a415e90d8','Visa Request Update','visa-request-update','572003cd-0230-4534-b84d-eb2d9eab58a7',NULL,'2022-05-08 15:15:22','2022-05-08 15:15:22'),('1646b5ba-1a8e-42bd-8941-c0790717a9cf','Visa Request Delete','visa-request-delete','572003cd-0230-4534-b84d-eb2d9eab58a7',NULL,'2022-05-08 15:15:22','2022-05-08 15:15:22'),('19a085e0-7dc6-4b0e-8f6d-902dbd6f2382','Permissions Update','permissions-update','1',NULL,'2021-11-07 12:09:10',NULL),('1c7ce46e-87be-4943-9a67-00943936639c','Countries Create','countries-create','572003cd-0230-4534-b84d-eb2d9eab58a7',NULL,'2022-04-21 09:29:46','2022-04-21 09:29:46'),('2187e06d-afac-4ed9-bf9e-8a66d1ae8f8a','Branches Create','branches-create','572003cd-0230-4534-b84d-eb2d9eab58a7',NULL,'2022-04-22 14:41:19','2022-04-22 14:41:19'),('21ed25f5-fad1-4c30-bdd8-6a79247fcc72','Modules Edit','modules-edit','572003cd-0230-4534-b84d-eb2d9eab58a7',NULL,'2022-04-24 10:08:30','2022-04-24 10:08:30'),('2ab7755c-c49c-4b03-897b-9f603bd3e628','Permissions Create','permissions-create','1',NULL,'2021-11-07 12:09:10',NULL),('2b5265cf-e7b8-4621-8e28-5c6d2937f096','Countries View','countries-view','572003cd-0230-4534-b84d-eb2d9eab58a7',NULL,'2022-04-21 09:29:46','2022-04-21 09:29:46'),('2da6c82c-f14e-4d5c-9f68-592c5d908e36','States Update','states-update','572003cd-0230-4534-b84d-eb2d9eab58a7',NULL,'2022-04-21 12:15:13','2022-04-21 12:15:13'),('2e8ee771-0180-4f4b-bda9-eeb324bd9938','Cities Delete','cities-delete','572003cd-0230-4534-b84d-eb2d9eab58a7',NULL,'2022-04-21 15:11:21','2022-04-21 15:11:21'),('325194c5-0bf7-4202-9504-ea940391b848','Branches View','branches-view','572003cd-0230-4534-b84d-eb2d9eab58a7',NULL,'2022-04-22 14:41:19','2022-04-22 14:41:19'),('32eb84a2-0a64-46a0-9f0a-c840421fd718','Users Create','users-create','572003cd-0230-4534-b84d-eb2d9eab58a7',NULL,'2022-04-18 23:52:19','2022-04-18 23:52:19'),('38d21b9b-4e50-445e-82e9-0627fdb47ab9','States Delete','states-delete','572003cd-0230-4534-b84d-eb2d9eab58a7',NULL,'2022-04-21 12:15:13','2022-04-21 12:15:13'),('38f68ff0-0283-4586-8096-5b596b70c4bd','Countries Delete','countries-delete','572003cd-0230-4534-b84d-eb2d9eab58a7',NULL,'2022-04-21 09:29:46','2022-04-21 09:29:46'),('39d3c44a-4dcf-4882-b83b-a1a42959be0e','Customers Edit','customers-edit','572003cd-0230-4534-b84d-eb2d9eab58a7',NULL,'2022-04-26 11:39:04','2022-04-26 11:39:04'),('39e7f2c2-fdd5-4078-8e7c-c834243e7863','Parameters Create','parameters-create','572003cd-0230-4534-b84d-eb2d9eab58a7',NULL,'2022-04-23 18:35:49','2022-04-23 18:35:49'),('3ac05e2f-2ea1-41f1-a6d8-740b88929e55','States Create','states-create','572003cd-0230-4534-b84d-eb2d9eab58a7',NULL,'2022-04-21 12:15:13','2022-04-21 12:15:13'),('3b956d64-d1f6-421a-b70a-7ba7b71569c7','My Visa View','my-visa-view','572003cd-0230-4534-b84d-eb2d9eab58a7',NULL,'2022-04-30 15:26:16','2022-04-30 15:26:16'),('3c9f4869-645a-4e4e-b44f-1d61ce622596','Customers Create','customers-create','572003cd-0230-4534-b84d-eb2d9eab58a7',NULL,'2022-04-26 11:39:04','2022-04-26 11:39:04'),('41d9d910-060f-45c6-96e0-85a3cb395583','Roles View','role-view','1',NULL,'2021-11-07 12:09:10',NULL),('426d31c3-2fcb-4703-9a41-e2d1d5642650','Parameters Edit','parameters-edit','572003cd-0230-4534-b84d-eb2d9eab58a7',NULL,'2022-04-23 18:35:49','2022-04-23 18:35:49'),('42a2c274-88aa-401c-8ae1-910bbe00a6b7','My Visa Update','my-visa-update','572003cd-0230-4534-b84d-eb2d9eab58a7',NULL,'2022-04-30 15:26:16','2022-04-30 15:26:16'),('465c2a33-9420-4075-9d05-54777b7decd9','Form Visa Create','form-visa-create','572003cd-0230-4534-b84d-eb2d9eab58a7',NULL,'2022-04-27 20:33:56','2022-04-27 20:33:56'),('4aa4e8dc-cb11-4be5-b7c1-de50dd776ebd','My Visa Delete','my-visa-delete','572003cd-0230-4534-b84d-eb2d9eab58a7',NULL,'2022-04-30 15:26:16','2022-04-30 15:26:16'),('4bbcb4ab-c7d2-460a-bad9-051dce67b8ec','Role Config','role-config','1',NULL,'2021-11-07 12:09:10',NULL),('4e6a22bd-ead3-4c40-bbe8-0a8e9c399426','Cities Update','cities-update','572003cd-0230-4534-b84d-eb2d9eab58a7',NULL,'2022-04-21 15:11:21','2022-04-21 15:11:21'),('5604683d-a341-43a7-94fa-784bbf0fd1bf','Parameters Update','parameters-update','572003cd-0230-4534-b84d-eb2d9eab58a7',NULL,'2022-04-23 18:35:49','2022-04-23 18:35:49'),('56dff6c8-21ef-4c78-aaa3-c8deafa7262f','Company Profile Update','company-profile-update','572003cd-0230-4534-b84d-eb2d9eab58a7',NULL,'2022-04-22 16:33:15','2022-04-22 16:33:15'),('5745df0a-d004-40c0-9ed4-22ed6d182ec2','Roles Create','role-create','1',NULL,'2021-11-07 12:09:10',NULL),('5c645523-c1e9-4ff6-ae11-2c30c30f4d0a','Visa Request View','visa-request-view','572003cd-0230-4534-b84d-eb2d9eab58a7',NULL,'2022-05-08 15:15:22','2022-05-08 15:15:22'),('5f5c77e4-068b-4130-918e-e5a0abc2d26a','Roles Update','role-update','1',NULL,'2021-11-07 12:09:10',NULL),('67f01052-8b35-4129-a873-808ab07b03e3','Company Profile Delete','company-profile-delete','572003cd-0230-4534-b84d-eb2d9eab58a7',NULL,'2022-04-22 16:33:15','2022-04-22 16:33:15'),('685a7f4e-2375-41c9-8555-d3dec90e25ea','Roles Edit','role-edit','1',NULL,'2021-11-07 12:09:10',NULL),('6861eddc-1851-42bb-8af0-224fbb8b1eab','App Settings View','app-settings-view','1',NULL,'2021-11-07 12:09:10',NULL),('6a739416-8b6d-4704-900e-cffa036cbbf4','Visa Request Create','visa-request-create','572003cd-0230-4534-b84d-eb2d9eab58a7',NULL,'2022-05-08 15:15:22','2022-05-08 15:15:22'),('6ee065e7-6754-4a1a-a53a-d0adbc5ff40b','Countries Update','countries-update','572003cd-0230-4534-b84d-eb2d9eab58a7',NULL,'2022-04-21 09:29:46','2022-04-21 09:29:46'),('7537487f-3f1c-4961-9663-7fe49318a2c0','Modules Delete','modules-delete','572003cd-0230-4534-b84d-eb2d9eab58a7',NULL,'2022-04-24 10:08:30','2022-04-24 10:08:30'),('7c66fbf2-14ec-47bd-a2d1-4d763925d817','Customers View','customers-view','572003cd-0230-4534-b84d-eb2d9eab58a7',NULL,'2022-04-26 11:39:04','2022-04-26 11:39:04'),('7f3d224c-87f6-4413-8514-13bfc903cb9c','Visa Delete','visa-delete','572003cd-0230-4534-b84d-eb2d9eab58a7',NULL,'2022-04-26 13:44:21','2022-04-26 13:44:21'),('84b34b23-847a-4bfa-9e39-b7965a2137de','My Visa Create','my-visa-create','572003cd-0230-4534-b84d-eb2d9eab58a7',NULL,'2022-04-30 15:26:16','2022-04-30 15:26:16'),('87b8a2c3-bcf0-457c-98bd-2f3b6a315e03','Url Create','url-create','1',NULL,'2021-11-07 12:09:10',NULL),('93ac0932-3885-4114-8ee8-a4a81ebb6038','Visa Edit','visa-edit','572003cd-0230-4534-b84d-eb2d9eab58a7',NULL,'2022-04-26 13:44:21','2022-04-26 13:44:21'),('9780299c-8209-46aa-9f10-4156bd741c8a','Branches Update','branches-update','572003cd-0230-4534-b84d-eb2d9eab58a7',NULL,'2022-04-22 14:41:19','2022-04-22 14:41:19'),('9c4f366a-dd8a-4850-bc63-aad3594e42d9','Url Edit','url-edit','1',NULL,'2021-11-07 12:09:10',NULL),('a6c0e472-ced2-4412-abf7-0117f9af82de','My Visa Edit','my-visa-edit','572003cd-0230-4534-b84d-eb2d9eab58a7',NULL,'2022-04-30 15:26:16','2022-04-30 15:26:16'),('a6e81fe4-e1b9-40a3-8bb5-8c9e4703d6c9','Url Update','url-update','1',NULL,'2021-11-07 12:09:10',NULL),('aaff2a5e-e0a6-4091-8570-4de47b56710d','Users Update','users-update','572003cd-0230-4534-b84d-eb2d9eab58a7',NULL,'2022-04-18 23:52:19','2022-04-18 23:52:19'),('b331212a-dbf7-492f-b8a9-5b2146c77701','Parameters Delete','parameters-delete','572003cd-0230-4534-b84d-eb2d9eab58a7',NULL,'2022-04-23 18:35:49','2022-04-23 18:35:49'),('b384dab1-4f82-4cae-a96a-4ccb6dcf4979','Url View','url-view','1',NULL,'2021-11-07 12:09:10',NULL),('b9a10830-707d-4328-96ad-897968125035','Visa Request Edit','visa-request-edit','572003cd-0230-4534-b84d-eb2d9eab58a7',NULL,'2022-05-08 15:15:22','2022-05-08 15:15:22'),('bcfcee32-44b8-492a-81ee-b14e61a350e1','Visa Request Configuration','visa-request-configuration','572003cd-0230-4534-b84d-eb2d9eab58a7',NULL,'2022-05-08 15:23:12','2022-05-08 15:23:12'),('c01d186f-2318-47ad-864f-b79180bed96c','Form Visa Update','form-visa-update','572003cd-0230-4534-b84d-eb2d9eab58a7',NULL,'2022-04-27 20:34:46','2022-04-27 20:34:46'),('c0e77f2a-bac6-483f-9bdb-73b416e528cc','Users Edit','users-edit','572003cd-0230-4534-b84d-eb2d9eab58a7',NULL,'2022-04-18 23:52:19','2022-04-18 23:52:19'),('c3608a9e-aef1-4be6-9420-53451dc2e360','Visa View','visa-view','572003cd-0230-4534-b84d-eb2d9eab58a7',NULL,'2022-04-26 13:44:21','2022-04-26 13:44:21'),('c3871d0d-2391-49cb-bc08-14c6a86665f4','Form Visa Delete','form-visa-delete','572003cd-0230-4534-b84d-eb2d9eab58a7',NULL,'2022-04-27 20:34:19','2022-04-27 20:34:19'),('c3ed0e19-adce-4a51-af73-d8b50dd4f115','Permissions Generate','permissions-generate','1',NULL,'2021-11-07 12:09:10',NULL),('c97f7b86-2101-4d14-8090-3ff395271564','Permissions Edit','permissions-edit','1',NULL,'2021-11-07 12:09:10',NULL),('ca4b4734-af4f-4ed6-8631-8e2aa92da519','Users View','users-view','572003cd-0230-4534-b84d-eb2d9eab58a7',NULL,'2022-04-18 23:52:19','2022-04-18 23:52:19'),('cb1e2f7d-ce96-47cf-b9e5-d64c9ad2ff91','Visa Create','visa-create','572003cd-0230-4534-b84d-eb2d9eab58a7',NULL,'2022-04-26 13:44:21','2022-04-26 13:44:21'),('cdff1cb5-3d1c-4cea-b412-89afe1161d0b','Company Profile Edit','company-profile-edit','572003cd-0230-4534-b84d-eb2d9eab58a7',NULL,'2022-04-22 16:33:15','2022-04-22 16:33:15'),('ceb86827-c3d9-4cf0-b637-3b18abd2a239','Permissions View','permissions-view','1',NULL,'2021-11-07 12:09:10',NULL),('d41a1d98-9889-455d-ad1b-17c1562e49b2','Company Profile Create','company-profile-create','572003cd-0230-4534-b84d-eb2d9eab58a7',NULL,'2022-04-22 16:33:15','2022-04-22 16:33:15'),('d4403f72-598b-44c7-bf86-c4d65f6156ea','Visa Update','visa-update','572003cd-0230-4534-b84d-eb2d9eab58a7',NULL,'2022-04-26 13:44:21','2022-04-26 13:44:21'),('deb05ca6-0d7e-4e48-8232-059682b21698','Company Profile View','company-profile-view','572003cd-0230-4534-b84d-eb2d9eab58a7',NULL,'2022-04-22 16:33:15','2022-04-22 16:33:15'),('e31f63e9-3f2a-4c19-aa91-32c84819ba93','Customers Delete','customers-delete','572003cd-0230-4534-b84d-eb2d9eab58a7',NULL,'2022-04-26 11:39:04','2022-04-26 11:39:04'),('eb345ca1-02cc-4343-a04b-0449c5438bdb','Cities Edit','cities-edit','572003cd-0230-4534-b84d-eb2d9eab58a7',NULL,'2022-04-21 15:11:21','2022-04-21 15:11:21'),('ef63ea2b-5e9c-43c6-916d-155d43dd6977','Modules View','modules-view','572003cd-0230-4534-b84d-eb2d9eab58a7',NULL,'2022-04-24 10:08:30','2022-04-24 10:08:30'),('f04f2d51-e7af-4ecb-8831-bd2acc248ffe','My Visa Configuration','my-visa-configuration','572003cd-0230-4534-b84d-eb2d9eab58a7',NULL,'2022-05-04 16:17:01','2022-05-04 16:17:01'),('f5d27024-4367-4165-82be-19302f4c4406','Parameters View','parameters-view','572003cd-0230-4534-b84d-eb2d9eab58a7',NULL,'2022-04-23 18:35:49','2022-04-23 18:35:49'),('f875e310-9e91-41a7-8995-518ea8cf624f','Customers Update','customers-update','572003cd-0230-4534-b84d-eb2d9eab58a7',NULL,'2022-04-26 11:39:04','2022-04-26 11:39:04'),('fbfc9b79-0dfe-4f7d-8bc0-ebd0c63ec759','Branches Delete','branches-delete','572003cd-0230-4534-b84d-eb2d9eab58a7',NULL,'2022-04-22 14:41:19','2022-04-22 14:41:19');
/*!40000 ALTER TABLE `permissions` ENABLE KEYS */;
UNLOCK TABLES;

--
-- Table structure for table `personal_access_tokens`
--

DROP TABLE IF EXISTS `personal_access_tokens`;
/*!40101 SET @saved_cs_client     = @@character_set_client */;
/*!50503 SET character_set_client = utf8mb4 */;
CREATE TABLE `personal_access_tokens` (
  `id` bigint(20) unsigned NOT NULL AUTO_INCREMENT,
  `tokenable_type` varchar(255) COLLATE utf8mb4_unicode_ci NOT NULL,
  `tokenable_id` bigint(20) unsigned NOT NULL,
  `name` varchar(255) COLLATE utf8mb4_unicode_ci NOT NULL,
  `token` varchar(64) COLLATE utf8mb4_unicode_ci NOT NULL,
  `abilities` text COLLATE utf8mb4_unicode_ci,
  `last_used_at` timestamp NULL DEFAULT NULL,
  `created_at` timestamp NULL DEFAULT NULL,
  `updated_at` timestamp NULL DEFAULT NULL,
  PRIMARY KEY (`id`) USING BTREE,
  UNIQUE KEY `personal_access_tokens_token_unique` (`token`) USING BTREE,
  KEY `personal_access_tokens_tokenable_type_tokenable_id_index` (`tokenable_type`,`tokenable_id`) USING BTREE
) ENGINE=InnoDB DEFAULT CHARSET=utf8mb4 COLLATE=utf8mb4_unicode_ci ROW_FORMAT=DYNAMIC;
/*!40101 SET character_set_client = @saved_cs_client */;

--
-- Dumping data for table `personal_access_tokens`
--

LOCK TABLES `personal_access_tokens` WRITE;
/*!40000 ALTER TABLE `personal_access_tokens` DISABLE KEYS */;
/*!40000 ALTER TABLE `personal_access_tokens` ENABLE KEYS */;
UNLOCK TABLES;

--
-- Table structure for table `role`
--

DROP TABLE IF EXISTS `role`;
/*!40101 SET @saved_cs_client     = @@character_set_client */;
/*!50503 SET character_set_client = utf8mb4 */;
CREATE TABLE `role` (
  `id` char(36) COLLATE utf8mb4_unicode_ci NOT NULL,
  `name` varchar(25) COLLATE utf8mb4_unicode_ci NOT NULL,
  `created_by` char(36) COLLATE utf8mb4_unicode_ci DEFAULT NULL,
  `updated_by` char(36) COLLATE utf8mb4_unicode_ci DEFAULT NULL,
  `created_at` timestamp NULL DEFAULT NULL,
  `updated_at` timestamp NULL DEFAULT NULL,
  PRIMARY KEY (`id`) USING BTREE,
  KEY `role_created_by_foreign` (`created_by`) USING BTREE,
  KEY `role_updated_by_foreign` (`updated_by`) USING BTREE
) ENGINE=InnoDB DEFAULT CHARSET=utf8mb4 COLLATE=utf8mb4_unicode_ci ROW_FORMAT=DYNAMIC;
/*!40101 SET character_set_client = @saved_cs_client */;

--
-- Dumping data for table `role`
--

LOCK TABLES `role` WRITE;
/*!40000 ALTER TABLE `role` DISABLE KEYS */;
INSERT INTO `role` VALUES ('016d97f2-9981-40b0-9afb-c080e31de301','Authority','572003cd-0230-4534-b84d-eb2d9eab58a7',NULL,'2022-05-08 09:33:02','2022-05-08 09:33:02'),('27af53a8-15d9-46fb-aee4-f287dbb711c5','Customer','572003cd-0230-4534-b84d-eb2d9eab58a7',NULL,'2022-04-25 10:22:38','2022-04-25 10:22:38'),('43f768ba-983c-4d04-be08-eadaa5211ddd','Accounting','572003cd-0230-4534-b84d-eb2d9eab58a7',NULL,'2022-05-08 09:32:41','2022-05-08 09:32:41'),('ab1658ed-af25-4864-b13d-d821e74d2a9c','Administrator','572003cd-0230-4534-b84d-eb2d9eab58a7',NULL,'2022-04-14 17:06:43','2022-04-14 17:06:43'),('ff81c56a-fcc8-4933-9c2f-2cf509cbe571','Visa & Legal Department','572003cd-0230-4534-b84d-eb2d9eab58a7',NULL,'2022-05-08 09:32:27','2022-05-08 09:32:27');
/*!40000 ALTER TABLE `role` ENABLE KEYS */;
UNLOCK TABLES;

--
-- Table structure for table `role_permissions`
--

DROP TABLE IF EXISTS `role_permissions`;
/*!40101 SET @saved_cs_client     = @@character_set_client */;
/*!50503 SET character_set_client = utf8mb4 */;
CREATE TABLE `role_permissions` (
  `id` char(36) COLLATE utf8mb4_unicode_ci NOT NULL,
  `permission_id` char(36) COLLATE utf8mb4_unicode_ci NOT NULL,
  `role_id` char(36) COLLATE utf8mb4_unicode_ci NOT NULL,
  `created_by` char(36) COLLATE utf8mb4_unicode_ci DEFAULT NULL,
  `updated_by` char(36) COLLATE utf8mb4_unicode_ci DEFAULT NULL,
  `created_at` timestamp NULL DEFAULT NULL,
  `updated_at` timestamp NULL DEFAULT NULL,
  PRIMARY KEY (`id`) USING BTREE,
  KEY `role_permissions_created_by_foreign` (`created_by`) USING BTREE,
  KEY `role_permissions_updated_by_foreign` (`updated_by`) USING BTREE
) ENGINE=InnoDB DEFAULT CHARSET=utf8mb4 COLLATE=utf8mb4_unicode_ci ROW_FORMAT=DYNAMIC;
/*!40101 SET character_set_client = @saved_cs_client */;

--
-- Dumping data for table `role_permissions`
--

LOCK TABLES `role_permissions` WRITE;
/*!40000 ALTER TABLE `role_permissions` DISABLE KEYS */;
INSERT INTO `role_permissions` VALUES ('0cca292f-9910-4ebd-9d9a-c8a687aac7ad','c97f7b86-2101-4d14-8090-3ff395271564','ab1658ed-af25-4864-b13d-d821e74d2a9c','572003cd-0230-4534-b84d-eb2d9eab58a7',NULL,'2022-05-08 15:23:46','2022-05-08 15:23:46'),('0eb1924e-f352-429b-84c6-243a5036669f','7c66fbf2-14ec-47bd-a2d1-4d763925d817','ab1658ed-af25-4864-b13d-d821e74d2a9c','572003cd-0230-4534-b84d-eb2d9eab58a7',NULL,'2022-05-08 15:23:46','2022-05-08 15:23:46'),('0eeedde3-188c-4e23-b6cc-0ef14ef5941f','93ac0932-3885-4114-8ee8-a4a81ebb6038','ab1658ed-af25-4864-b13d-d821e74d2a9c','572003cd-0230-4534-b84d-eb2d9eab58a7',NULL,'2022-05-08 15:23:47','2022-05-08 15:23:47'),('1c994d60-ac45-499e-8712-2b70a4593b13','13d69074-a66f-4e57-9095-5a4001289b1d','ab1658ed-af25-4864-b13d-d821e74d2a9c','572003cd-0230-4534-b84d-eb2d9eab58a7',NULL,'2022-05-08 15:23:46','2022-05-08 15:23:46'),('1e0f2a31-ff33-4a71-8c33-03a6e7695386','3c9f4869-645a-4e4e-b44f-1d61ce622596','ab1658ed-af25-4864-b13d-d821e74d2a9c','572003cd-0230-4534-b84d-eb2d9eab58a7',NULL,'2022-05-08 15:23:46','2022-05-08 15:23:46'),('20156c48-da0c-47e7-8de1-a4213950dd7f','7f3d224c-87f6-4413-8514-13bfc903cb9c','ab1658ed-af25-4864-b13d-d821e74d2a9c','572003cd-0230-4534-b84d-eb2d9eab58a7',NULL,'2022-05-08 15:23:47','2022-05-08 15:23:47'),('2050dc52-d5e7-4da9-b39f-7b85b56d3794','aaff2a5e-e0a6-4091-8570-4de47b56710d','ab1658ed-af25-4864-b13d-d821e74d2a9c','572003cd-0230-4534-b84d-eb2d9eab58a7',NULL,'2022-05-08 15:23:47','2022-05-08 15:23:47'),('214ab86a-22ae-4487-bf83-869c9f4b74ff','2da6c82c-f14e-4d5c-9f68-592c5d908e36','ab1658ed-af25-4864-b13d-d821e74d2a9c','572003cd-0230-4534-b84d-eb2d9eab58a7',NULL,'2022-05-08 15:23:47','2022-05-08 15:23:47'),('21a700d2-3d03-4cea-935c-36b8088f52e0','ceb86827-c3d9-4cf0-b637-3b18abd2a239','ab1658ed-af25-4864-b13d-d821e74d2a9c','572003cd-0230-4534-b84d-eb2d9eab58a7',NULL,'2022-05-08 15:23:47','2022-05-08 15:23:47'),('264d656e-5f8f-42b7-8da5-c585bd57af53','32eb84a2-0a64-46a0-9f0a-c840421fd718','ab1658ed-af25-4864-b13d-d821e74d2a9c','572003cd-0230-4534-b84d-eb2d9eab58a7',NULL,'2022-05-08 15:23:47','2022-05-08 15:23:47'),('27c6a3ce-8be6-4ea2-9622-8e24728e656d','a6c0e472-ced2-4412-abf7-0117f9af82de','27af53a8-15d9-46fb-aee4-f287dbb711c5','572003cd-0230-4534-b84d-eb2d9eab58a7',NULL,'2022-05-04 16:19:37','2022-05-04 16:19:37'),('2cf3f326-baa0-49c4-b335-242d33061bf3','a6c0e472-ced2-4412-abf7-0117f9af82de','ab1658ed-af25-4864-b13d-d821e74d2a9c','572003cd-0230-4534-b84d-eb2d9eab58a7',NULL,'2022-05-08 15:23:46','2022-05-08 15:23:46'),('2f12edc8-56e6-4da2-b3a4-14058a67af33','9c4f366a-dd8a-4850-bc63-aad3594e42d9','ab1658ed-af25-4864-b13d-d821e74d2a9c','572003cd-0230-4534-b84d-eb2d9eab58a7',NULL,'2022-05-08 15:23:47','2022-05-08 15:23:47'),('2febb00b-1b4f-43f2-af1c-3ccf73b04e5c','c3ed0e19-adce-4a51-af73-d8b50dd4f115','ab1658ed-af25-4864-b13d-d821e74d2a9c','572003cd-0230-4534-b84d-eb2d9eab58a7',NULL,'2022-05-08 15:23:47','2022-05-08 15:23:47'),('31de9377-f1e3-4d82-968c-43759cc0d771','325194c5-0bf7-4202-9504-ea940391b848','ab1658ed-af25-4864-b13d-d821e74d2a9c','572003cd-0230-4534-b84d-eb2d9eab58a7',NULL,'2022-05-08 15:23:46','2022-05-08 15:23:46'),('32e68440-dd4d-4891-af3f-1ba0d813c4d6','38d21b9b-4e50-445e-82e9-0627fdb47ab9','ab1658ed-af25-4864-b13d-d821e74d2a9c','572003cd-0230-4534-b84d-eb2d9eab58a7',NULL,'2022-05-08 15:23:47','2022-05-08 15:23:47'),('401a9bfc-ffaa-4398-abbb-276a4147719b','cb1e2f7d-ce96-47cf-b9e5-d64c9ad2ff91','ab1658ed-af25-4864-b13d-d821e74d2a9c','572003cd-0230-4534-b84d-eb2d9eab58a7',NULL,'2022-05-08 15:23:47','2022-05-08 15:23:47'),('43ae4561-a345-470b-af19-df39904cb850','3ac05e2f-2ea1-41f1-a6d8-740b88929e55','ab1658ed-af25-4864-b13d-d821e74d2a9c','572003cd-0230-4534-b84d-eb2d9eab58a7',NULL,'2022-05-08 15:23:47','2022-05-08 15:23:47'),('49b729a8-7785-4ac9-acb5-fe8ab872b639','deb05ca6-0d7e-4e48-8232-059682b21698','ab1658ed-af25-4864-b13d-d821e74d2a9c','572003cd-0230-4534-b84d-eb2d9eab58a7',NULL,'2022-05-08 15:23:46','2022-05-08 15:23:46'),('4ad026e5-17fa-4f2c-8c45-cbbb4c6319d6','f875e310-9e91-41a7-8995-518ea8cf624f','ab1658ed-af25-4864-b13d-d821e74d2a9c','572003cd-0230-4534-b84d-eb2d9eab58a7',NULL,'2022-05-08 15:23:46','2022-05-08 15:23:46'),('4c312446-f6e8-459b-b489-be6364df0e66','21ed25f5-fad1-4c30-bdd8-6a79247fcc72','ab1658ed-af25-4864-b13d-d821e74d2a9c','572003cd-0230-4534-b84d-eb2d9eab58a7',NULL,'2022-05-08 15:23:46','2022-05-08 15:23:46'),('4e8eb870-ff7d-4daf-9218-db6d6d65442d','2187e06d-afac-4ed9-bf9e-8a66d1ae8f8a','ab1658ed-af25-4864-b13d-d821e74d2a9c','572003cd-0230-4534-b84d-eb2d9eab58a7',NULL,'2022-05-08 15:23:46','2022-05-08 15:23:46'),('4f55b098-186c-41cd-9002-1c21570962eb','9780299c-8209-46aa-9f10-4156bd741c8a','ab1658ed-af25-4864-b13d-d821e74d2a9c','572003cd-0230-4534-b84d-eb2d9eab58a7',NULL,'2022-05-08 15:23:46','2022-05-08 15:23:46'),('4fe592d4-1337-4517-8258-2fb82c20835c','d4403f72-598b-44c7-bf86-c4d65f6156ea','ab1658ed-af25-4864-b13d-d821e74d2a9c','572003cd-0230-4534-b84d-eb2d9eab58a7',NULL,'2022-05-08 15:23:47','2022-05-08 15:23:47'),('51065078-cc7d-4902-a635-3b3a8a5cb3cf','39d3c44a-4dcf-4882-b83b-a1a42959be0e','ab1658ed-af25-4864-b13d-d821e74d2a9c','572003cd-0230-4534-b84d-eb2d9eab58a7',NULL,'2022-05-08 15:23:46','2022-05-08 15:23:46'),('520cd96b-fafa-48f6-9a20-50a2cafd173a','5c645523-c1e9-4ff6-ae11-2c30c30f4d0a','ab1658ed-af25-4864-b13d-d821e74d2a9c','572003cd-0230-4534-b84d-eb2d9eab58a7',NULL,'2022-05-08 15:23:47','2022-05-08 15:23:47'),('5718592a-9d50-40fb-848c-4e3e4be66a14','6ee065e7-6754-4a1a-a53a-d0adbc5ff40b','ab1658ed-af25-4864-b13d-d821e74d2a9c','572003cd-0230-4534-b84d-eb2d9eab58a7',NULL,'2022-05-08 15:23:46','2022-05-08 15:23:46'),('5817d726-8301-481e-86c0-a4d0b2c82ed8','6a739416-8b6d-4704-900e-cffa036cbbf4','ab1658ed-af25-4864-b13d-d821e74d2a9c','572003cd-0230-4534-b84d-eb2d9eab58a7',NULL,'2022-05-08 15:23:47','2022-05-08 15:23:47'),('5997e032-243e-4d95-aab7-9f313c44aa5c','c3871d0d-2391-49cb-bc08-14c6a86665f4','ab1658ed-af25-4864-b13d-d821e74d2a9c','572003cd-0230-4534-b84d-eb2d9eab58a7',NULL,'2022-05-08 15:23:46','2022-05-08 15:23:46'),('61363115-d682-4cb6-90a3-a174c88515d2','4aa4e8dc-cb11-4be5-b7c1-de50dd776ebd','27af53a8-15d9-46fb-aee4-f287dbb711c5','572003cd-0230-4534-b84d-eb2d9eab58a7',NULL,'2022-05-04 16:19:37','2022-05-04 16:19:37'),('63e433fd-d58d-44ec-a46a-c9cc62ed13dc','3b956d64-d1f6-421a-b70a-7ba7b71569c7','ab1658ed-af25-4864-b13d-d821e74d2a9c','572003cd-0230-4534-b84d-eb2d9eab58a7',NULL,'2022-05-08 15:23:46','2022-05-08 15:23:46'),('64ea9453-5782-4c67-a37f-7223780d23ee','19a085e0-7dc6-4b0e-8f6d-902dbd6f2382','ab1658ed-af25-4864-b13d-d821e74d2a9c','572003cd-0230-4534-b84d-eb2d9eab58a7',NULL,'2022-05-08 15:23:47','2022-05-08 15:23:47'),('6796189d-33a7-4205-b930-cf741cb3221c','84b34b23-847a-4bfa-9e39-b7965a2137de','27af53a8-15d9-46fb-aee4-f287dbb711c5','572003cd-0230-4534-b84d-eb2d9eab58a7',NULL,'2022-05-04 16:19:37','2022-05-04 16:19:37'),('68e5a64f-aa3b-4697-9aa7-b702c122068c','87b8a2c3-bcf0-457c-98bd-2f3b6a315e03','ab1658ed-af25-4864-b13d-d821e74d2a9c','572003cd-0230-4534-b84d-eb2d9eab58a7',NULL,'2022-05-08 15:23:47','2022-05-08 15:23:47'),('6de7216c-afee-4401-9217-7503c5eb8c8a','a6e81fe4-e1b9-40a3-8bb5-8c9e4703d6c9','ab1658ed-af25-4864-b13d-d821e74d2a9c','572003cd-0230-4534-b84d-eb2d9eab58a7',NULL,'2022-05-08 15:23:47','2022-05-08 15:23:47'),('6f1547d2-af73-42f5-b45e-b5ffc011b2c3','1c7ce46e-87be-4943-9a67-00943936639c','ab1658ed-af25-4864-b13d-d821e74d2a9c','572003cd-0230-4534-b84d-eb2d9eab58a7',NULL,'2022-05-08 15:23:46','2022-05-08 15:23:46'),('76ee023a-4b57-41cc-a5d0-53860b568639','5f5c77e4-068b-4130-918e-e5a0abc2d26a','ab1658ed-af25-4864-b13d-d821e74d2a9c','572003cd-0230-4534-b84d-eb2d9eab58a7',NULL,'2022-05-08 15:23:47','2022-05-08 15:23:47'),('76f605ea-2b24-472f-af93-6a744b736636','426d31c3-2fcb-4703-9a41-e2d1d5642650','ab1658ed-af25-4864-b13d-d821e74d2a9c','572003cd-0230-4534-b84d-eb2d9eab58a7',NULL,'2022-05-08 15:23:46','2022-05-08 15:23:46'),('7ac497da-8070-4195-aa13-edc8306933cd','b9a10830-707d-4328-96ad-897968125035','ab1658ed-af25-4864-b13d-d821e74d2a9c','572003cd-0230-4534-b84d-eb2d9eab58a7',NULL,'2022-05-08 15:23:47','2022-05-08 15:23:47'),('7dce2485-66a8-4d65-95eb-1d91856a6599','ca4b4734-af4f-4ed6-8631-8e2aa92da519','ab1658ed-af25-4864-b13d-d821e74d2a9c','572003cd-0230-4534-b84d-eb2d9eab58a7',NULL,'2022-05-08 15:23:47','2022-05-08 15:23:47'),('7ea0e1be-fa88-4113-a525-6fff6ee020dd','014f167d-5360-4cc4-8cbe-274da2ad7752','ab1658ed-af25-4864-b13d-d821e74d2a9c','572003cd-0230-4534-b84d-eb2d9eab58a7',NULL,'2022-05-08 15:23:46','2022-05-08 15:23:46'),('8038faf1-0b39-43f0-b5f3-a125411d1042','38f68ff0-0283-4586-8096-5b596b70c4bd','ab1658ed-af25-4864-b13d-d821e74d2a9c','572003cd-0230-4534-b84d-eb2d9eab58a7',NULL,'2022-05-08 15:23:46','2022-05-08 15:23:46'),('808822d5-feb1-41fb-a3d0-0eca267bdc76','4bbcb4ab-c7d2-460a-bad9-051dce67b8ec','ab1658ed-af25-4864-b13d-d821e74d2a9c','572003cd-0230-4534-b84d-eb2d9eab58a7',NULL,'2022-05-08 15:23:47','2022-05-08 15:23:47'),('8b68e884-7bbc-4d04-bc92-3f4f4f12d6ed','3b956d64-d1f6-421a-b70a-7ba7b71569c7','27af53a8-15d9-46fb-aee4-f287dbb711c5','572003cd-0230-4534-b84d-eb2d9eab58a7',NULL,'2022-05-04 16:19:37','2022-05-04 16:19:37'),('8be6d424-ccf0-4cf5-9402-71656b619edf','7537487f-3f1c-4961-9663-7fe49318a2c0','ab1658ed-af25-4864-b13d-d821e74d2a9c','572003cd-0230-4534-b84d-eb2d9eab58a7',NULL,'2022-05-08 15:23:46','2022-05-08 15:23:46'),('8eec6ba9-3b1a-47b3-bce2-016fd428d3a7','2e8ee771-0180-4f4b-bda9-eeb324bd9938','ab1658ed-af25-4864-b13d-d821e74d2a9c','572003cd-0230-4534-b84d-eb2d9eab58a7',NULL,'2022-05-08 15:23:46','2022-05-08 15:23:46'),('9391e51b-fe60-44fe-84c8-136ccde5dae9','5604683d-a341-43a7-94fa-784bbf0fd1bf','ab1658ed-af25-4864-b13d-d821e74d2a9c','572003cd-0230-4534-b84d-eb2d9eab58a7',NULL,'2022-05-08 15:23:46','2022-05-08 15:23:46'),('a13aba78-cf25-4a9d-b954-13d4b06b6529','f5d27024-4367-4165-82be-19302f4c4406','ab1658ed-af25-4864-b13d-d821e74d2a9c','572003cd-0230-4534-b84d-eb2d9eab58a7',NULL,'2022-05-08 15:23:46','2022-05-08 15:23:46'),('a42fd135-a963-414f-93cc-95607fab7e43','13376f2a-d77a-49ba-930c-ab0e4d318dc8','ab1658ed-af25-4864-b13d-d821e74d2a9c','572003cd-0230-4534-b84d-eb2d9eab58a7',NULL,'2022-05-08 15:23:47','2022-05-08 15:23:47'),('a67a08d3-9670-47ca-97e1-2a97ac11c678','09c14694-89ee-4029-a7cf-76b0581be6de','ab1658ed-af25-4864-b13d-d821e74d2a9c','572003cd-0230-4534-b84d-eb2d9eab58a7',NULL,'2022-05-08 15:23:46','2022-05-08 15:23:46'),('a68b2860-4c1a-4a5b-9a8d-167a1ed3a101','d41a1d98-9889-455d-ad1b-17c1562e49b2','ab1658ed-af25-4864-b13d-d821e74d2a9c','572003cd-0230-4534-b84d-eb2d9eab58a7',NULL,'2022-05-08 15:23:46','2022-05-08 15:23:46'),('acd444b6-d163-447b-9f56-7ea357339a34','4aa4e8dc-cb11-4be5-b7c1-de50dd776ebd','ab1658ed-af25-4864-b13d-d821e74d2a9c','572003cd-0230-4534-b84d-eb2d9eab58a7',NULL,'2022-05-08 15:23:46','2022-05-08 15:23:46'),('b02e4fdd-0084-4df9-aa97-334dc3f67486','1600f3d3-539a-4737-9484-d89a415e90d8','ab1658ed-af25-4864-b13d-d821e74d2a9c','572003cd-0230-4534-b84d-eb2d9eab58a7',NULL,'2022-05-08 15:23:47','2022-05-08 15:23:47'),('b13fc053-4b4d-4d13-9f55-60a0ef0c7205','b384dab1-4f82-4cae-a96a-4ccb6dcf4979','ab1658ed-af25-4864-b13d-d821e74d2a9c','572003cd-0230-4534-b84d-eb2d9eab58a7',NULL,'2022-05-08 15:23:47','2022-05-08 15:23:47'),('b31c819e-602f-448b-b915-3f1b633c2d3a','42a2c274-88aa-401c-8ae1-910bbe00a6b7','27af53a8-15d9-46fb-aee4-f287dbb711c5','572003cd-0230-4534-b84d-eb2d9eab58a7',NULL,'2022-05-04 16:19:37','2022-05-04 16:19:37'),('b3bdc922-c48e-439d-84a4-8f8093e40ae8','685a7f4e-2375-41c9-8555-d3dec90e25ea','ab1658ed-af25-4864-b13d-d821e74d2a9c','572003cd-0230-4534-b84d-eb2d9eab58a7',NULL,'2022-05-08 15:23:47','2022-05-08 15:23:47'),('b4462cb7-0537-4601-b573-c68a63b54a07','eb345ca1-02cc-4343-a04b-0449c5438bdb','ab1658ed-af25-4864-b13d-d821e74d2a9c','572003cd-0230-4534-b84d-eb2d9eab58a7',NULL,'2022-05-08 15:23:46','2022-05-08 15:23:46'),('b6a0c970-2ede-42cf-9bca-0145b3468c52','1646b5ba-1a8e-42bd-8941-c0790717a9cf','ab1658ed-af25-4864-b13d-d821e74d2a9c','572003cd-0230-4534-b84d-eb2d9eab58a7',NULL,'2022-05-08 15:23:47','2022-05-08 15:23:47'),('b925be9a-a258-40d4-9400-8b9fb07a91da','0eb1754b-7846-4185-a140-eaee352e7f1a','ab1658ed-af25-4864-b13d-d821e74d2a9c','572003cd-0230-4534-b84d-eb2d9eab58a7',NULL,'2022-05-08 15:23:47','2022-05-08 15:23:47'),('b964c282-4707-4cf3-85fc-0d685d55869d','e31f63e9-3f2a-4c19-aa91-32c84819ba93','ab1658ed-af25-4864-b13d-d821e74d2a9c','572003cd-0230-4534-b84d-eb2d9eab58a7',NULL,'2022-05-08 15:23:46','2022-05-08 15:23:46'),('ba17555f-9bc1-48e3-b2a8-c81a45c337ef','41d9d910-060f-45c6-96e0-85a3cb395583','ab1658ed-af25-4864-b13d-d821e74d2a9c','572003cd-0230-4534-b84d-eb2d9eab58a7',NULL,'2022-05-08 15:23:47','2022-05-08 15:23:47'),('becd582f-5038-4fa5-a56e-b502951ff875','1138e995-1fe3-4eb2-b961-8a61e872de10','ab1658ed-af25-4864-b13d-d821e74d2a9c','572003cd-0230-4534-b84d-eb2d9eab58a7',NULL,'2022-05-08 15:23:46','2022-05-08 15:23:46'),('c14f2200-94e6-4623-b27e-c44cd1ee007f','2ab7755c-c49c-4b03-897b-9f603bd3e628','ab1658ed-af25-4864-b13d-d821e74d2a9c','572003cd-0230-4534-b84d-eb2d9eab58a7',NULL,'2022-05-08 15:23:46','2022-05-08 15:23:46'),('c4541f2a-3aa2-43d5-a987-e29c28939bb6','0f254a81-85a0-4660-af12-8733a8f5abee','ab1658ed-af25-4864-b13d-d821e74d2a9c','572003cd-0230-4534-b84d-eb2d9eab58a7',NULL,'2022-05-08 15:23:46','2022-05-08 15:23:46'),('c48df19c-cc9d-440b-ac08-cea9733b53d9','67f01052-8b35-4129-a873-808ab07b03e3','ab1658ed-af25-4864-b13d-d821e74d2a9c','572003cd-0230-4534-b84d-eb2d9eab58a7',NULL,'2022-05-08 15:23:46','2022-05-08 15:23:46'),('c7d0e4cd-35d4-4656-9704-c504a0a05303','fbfc9b79-0dfe-4f7d-8bc0-ebd0c63ec759','ab1658ed-af25-4864-b13d-d821e74d2a9c','572003cd-0230-4534-b84d-eb2d9eab58a7',NULL,'2022-05-08 15:23:46','2022-05-08 15:23:46'),('c92adc0d-6c87-4b4f-b5c1-8fe88104f1e0','c0e77f2a-bac6-483f-9bdb-73b416e528cc','ab1658ed-af25-4864-b13d-d821e74d2a9c','572003cd-0230-4534-b84d-eb2d9eab58a7',NULL,'2022-05-08 15:23:47','2022-05-08 15:23:47'),('d29bbc72-ad29-4c5b-9fb1-5c2440632662','6861eddc-1851-42bb-8af0-224fbb8b1eab','ab1658ed-af25-4864-b13d-d821e74d2a9c','572003cd-0230-4534-b84d-eb2d9eab58a7',NULL,'2022-05-08 15:23:46','2022-05-08 15:23:46'),('d5e78b34-0857-4706-bdfd-f867d172f7a5','56dff6c8-21ef-4c78-aaa3-c8deafa7262f','ab1658ed-af25-4864-b13d-d821e74d2a9c','572003cd-0230-4534-b84d-eb2d9eab58a7',NULL,'2022-05-08 15:23:46','2022-05-08 15:23:46'),('da436a6a-b30b-4d33-a90d-6bfc0464f632','5745df0a-d004-40c0-9ed4-22ed6d182ec2','ab1658ed-af25-4864-b13d-d821e74d2a9c','572003cd-0230-4534-b84d-eb2d9eab58a7',NULL,'2022-05-08 15:23:47','2022-05-08 15:23:47'),('e32d0f13-a005-4aae-a020-51bb6270d3ef','c3608a9e-aef1-4be6-9420-53451dc2e360','ab1658ed-af25-4864-b13d-d821e74d2a9c','572003cd-0230-4534-b84d-eb2d9eab58a7',NULL,'2022-05-08 15:23:47','2022-05-08 15:23:47'),('e3faa28a-b1e6-4441-a00b-adda53c2e316','ef63ea2b-5e9c-43c6-916d-155d43dd6977','ab1658ed-af25-4864-b13d-d821e74d2a9c','572003cd-0230-4534-b84d-eb2d9eab58a7',NULL,'2022-05-08 15:23:46','2022-05-08 15:23:46'),('e43710e8-9fc8-43ab-8a92-e4c96a9e1e35','cdff1cb5-3d1c-4cea-b412-89afe1161d0b','ab1658ed-af25-4864-b13d-d821e74d2a9c','572003cd-0230-4534-b84d-eb2d9eab58a7',NULL,'2022-05-08 15:23:46','2022-05-08 15:23:46'),('e659b8b1-f26e-4cda-b408-804679ddf009','4e6a22bd-ead3-4c40-bbe8-0a8e9c399426','ab1658ed-af25-4864-b13d-d821e74d2a9c','572003cd-0230-4534-b84d-eb2d9eab58a7',NULL,'2022-05-08 15:23:46','2022-05-08 15:23:46'),('e76b6bda-916f-4512-b885-24ee627b4212','c01d186f-2318-47ad-864f-b79180bed96c','ab1658ed-af25-4864-b13d-d821e74d2a9c','572003cd-0230-4534-b84d-eb2d9eab58a7',NULL,'2022-05-08 15:23:46','2022-05-08 15:23:46'),('e7b6db80-5191-4441-b568-b44c390145cc','465c2a33-9420-4075-9d05-54777b7decd9','ab1658ed-af25-4864-b13d-d821e74d2a9c','572003cd-0230-4534-b84d-eb2d9eab58a7',NULL,'2022-05-08 15:23:46','2022-05-08 15:23:46'),('e95baacf-47f8-4a3e-b6ec-ba77ddd83091','f04f2d51-e7af-4ecb-8831-bd2acc248ffe','ab1658ed-af25-4864-b13d-d821e74d2a9c','572003cd-0230-4534-b84d-eb2d9eab58a7',NULL,'2022-05-08 15:23:46','2022-05-08 15:23:46'),('ea7dcfc5-c011-4ce3-8dcb-0cc5f1a35d9f','10baa8c6-f0bd-4d54-b940-b0bfb176152d','ab1658ed-af25-4864-b13d-d821e74d2a9c','572003cd-0230-4534-b84d-eb2d9eab58a7',NULL,'2022-05-08 15:23:46','2022-05-08 15:23:46'),('ea9c25a2-4341-40f4-9a4e-426c87bf05a6','42a2c274-88aa-401c-8ae1-910bbe00a6b7','ab1658ed-af25-4864-b13d-d821e74d2a9c','572003cd-0230-4534-b84d-eb2d9eab58a7',NULL,'2022-05-08 15:23:46','2022-05-08 15:23:46'),('ebf83ab7-09a0-4b64-b85b-a85bcd5032f0','b331212a-dbf7-492f-b8a9-5b2146c77701','ab1658ed-af25-4864-b13d-d821e74d2a9c','572003cd-0230-4534-b84d-eb2d9eab58a7',NULL,'2022-05-08 15:23:46','2022-05-08 15:23:46'),('f34b0889-b55b-4bcc-9b19-d684e17309f2','004571c0-0785-4b29-8778-d8031acb1436','ab1658ed-af25-4864-b13d-d821e74d2a9c','572003cd-0230-4534-b84d-eb2d9eab58a7',NULL,'2022-05-08 15:23:46','2022-05-08 15:23:46'),('f611e007-49aa-4f91-ac6b-ef9619fe6c14','0b8ad518-bdea-46a0-a05f-abf475c26e9e','ab1658ed-af25-4864-b13d-d821e74d2a9c','572003cd-0230-4534-b84d-eb2d9eab58a7',NULL,'2022-05-08 15:23:47','2022-05-08 15:23:47'),('f69b7aee-1b52-45b1-84eb-6771682ec4c6','84b34b23-847a-4bfa-9e39-b7965a2137de','ab1658ed-af25-4864-b13d-d821e74d2a9c','572003cd-0230-4534-b84d-eb2d9eab58a7',NULL,'2022-05-08 15:23:46','2022-05-08 15:23:46'),('fa303595-a356-453c-bbd8-399c69398a28','39e7f2c2-fdd5-4078-8e7c-c834243e7863','ab1658ed-af25-4864-b13d-d821e74d2a9c','572003cd-0230-4534-b84d-eb2d9eab58a7',NULL,'2022-05-08 15:23:46','2022-05-08 15:23:46'),('fa64774d-fe23-4f04-a822-1567e277ca96','bcfcee32-44b8-492a-81ee-b14e61a350e1','ab1658ed-af25-4864-b13d-d821e74d2a9c','572003cd-0230-4534-b84d-eb2d9eab58a7',NULL,'2022-05-08 15:23:47','2022-05-08 15:23:47'),('ffd0ca02-dfae-40c3-9496-c1d5d5d95e5f','2b5265cf-e7b8-4621-8e28-5c6d2937f096','ab1658ed-af25-4864-b13d-d821e74d2a9c','572003cd-0230-4534-b84d-eb2d9eab58a7',NULL,'2022-05-08 15:23:46','2022-05-08 15:23:46');
/*!40000 ALTER TABLE `role_permissions` ENABLE KEYS */;
UNLOCK TABLES;

--
-- Table structure for table `states`
--

DROP TABLE IF EXISTS `states`;
/*!40101 SET @saved_cs_client     = @@character_set_client */;
/*!50503 SET character_set_client = utf8mb4 */;
CREATE TABLE `states` (
  `id` char(36) COLLATE utf8mb4_unicode_ci NOT NULL,
  `country_id` char(36) COLLATE utf8mb4_unicode_ci NOT NULL,
  `name` varchar(255) COLLATE utf8mb4_unicode_ci NOT NULL,
  `created_by` char(36) COLLATE utf8mb4_unicode_ci DEFAULT NULL,
  `updated_by` char(36) COLLATE utf8mb4_unicode_ci DEFAULT NULL,
  `created_at` timestamp NULL DEFAULT NULL,
  `updated_at` timestamp NULL DEFAULT NULL,
  PRIMARY KEY (`id`) USING BTREE
) ENGINE=InnoDB DEFAULT CHARSET=utf8mb4 COLLATE=utf8mb4_unicode_ci ROW_FORMAT=DYNAMIC;
/*!40101 SET character_set_client = @saved_cs_client */;

--
-- Dumping data for table `states`
--

LOCK TABLES `states` WRITE;
/*!40000 ALTER TABLE `states` DISABLE KEYS */;
INSERT INTO `states` VALUES ('005ed0d1-cc77-11ec-a127-00163e08598c','00546f36-cc77-11ec-a127-00163e08598c','Aceh','05dc1eb4-783f-4492-90da-04f43f73a19d','05dc1eb4-783f-4492-90da-04f43f73a19d','2022-05-05 06:26:42','2022-05-05 06:26:42'),('00ce7c23-cc77-11ec-a127-00163e08598c','00546f36-cc77-11ec-a127-00163e08598c','Bali','05dc1eb4-783f-4492-90da-04f43f73a19d','05dc1eb4-783f-4492-90da-04f43f73a19d','2022-05-05 06:26:42','2022-05-05 06:26:42'),('0101c31a-cc77-11ec-a127-00163e08598c','00546f36-cc77-11ec-a127-00163e08598c','Banten','05dc1eb4-783f-4492-90da-04f43f73a19d','05dc1eb4-783f-4492-90da-04f43f73a19d','2022-05-05 06:26:43','2022-05-05 06:26:43'),('01326e56-cc77-11ec-a127-00163e08598c','00546f36-cc77-11ec-a127-00163e08598c','Bengkulu','05dc1eb4-783f-4492-90da-04f43f73a19d','05dc1eb4-783f-4492-90da-04f43f73a19d','2022-05-05 06:26:43','2022-05-05 06:26:43'),('01708a38-cc77-11ec-a127-00163e08598c','00546f36-cc77-11ec-a127-00163e08598c','DI Yogyakarta','05dc1eb4-783f-4492-90da-04f43f73a19d','05dc1eb4-783f-4492-90da-04f43f73a19d','2022-05-05 06:26:43','2022-05-05 06:26:43'),('018aa4d0-cc77-11ec-a127-00163e08598c','00546f36-cc77-11ec-a127-00163e08598c','DKI Jakarta','05dc1eb4-783f-4492-90da-04f43f73a19d','05dc1eb4-783f-4492-90da-04f43f73a19d','2022-05-05 06:26:44','2022-05-05 06:26:44'),('01a99bd6-cc77-11ec-a127-00163e08598c','00546f36-cc77-11ec-a127-00163e08598c','Gorontalo','05dc1eb4-783f-4492-90da-04f43f73a19d','05dc1eb4-783f-4492-90da-04f43f73a19d','2022-05-05 06:26:44','2022-05-05 06:26:44'),('01c7cf9e-cc77-11ec-a127-00163e08598c','00546f36-cc77-11ec-a127-00163e08598c','Jambi','05dc1eb4-783f-4492-90da-04f43f73a19d','05dc1eb4-783f-4492-90da-04f43f73a19d','2022-05-05 06:26:44','2022-05-05 06:26:44'),('01faca4a-cc77-11ec-a127-00163e08598c','00546f36-cc77-11ec-a127-00163e08598c','Jawa Barat','05dc1eb4-783f-4492-90da-04f43f73a19d','05dc1eb4-783f-4492-90da-04f43f73a19d','2022-05-05 06:26:44','2022-05-05 06:26:44'),('026c7930-cc77-11ec-a127-00163e08598c','00546f36-cc77-11ec-a127-00163e08598c','Jawa Tengah','05dc1eb4-783f-4492-90da-04f43f73a19d','05dc1eb4-783f-4492-90da-04f43f73a19d','2022-05-05 06:26:45','2022-05-05 06:26:45'),('030318db-cc77-11ec-a127-00163e08598c','00546f36-cc77-11ec-a127-00163e08598c','Jawa Timur','05dc1eb4-783f-4492-90da-04f43f73a19d','05dc1eb4-783f-4492-90da-04f43f73a19d','2022-05-05 06:26:46','2022-05-05 06:26:46'),('03a77080-cc77-11ec-a127-00163e08598c','00546f36-cc77-11ec-a127-00163e08598c','Kalimantan Barat','05dc1eb4-783f-4492-90da-04f43f73a19d','05dc1eb4-783f-4492-90da-04f43f73a19d','2022-05-05 06:26:47','2022-05-05 06:26:47'),('03e34087-cc77-11ec-a127-00163e08598c','00546f36-cc77-11ec-a127-00163e08598c','Kalimantan Selatan','05dc1eb4-783f-4492-90da-04f43f73a19d','05dc1eb4-783f-4492-90da-04f43f73a19d','2022-05-05 06:26:48','2022-05-05 06:26:48'),('041c2ac1-cc77-11ec-a127-00163e08598c','00546f36-cc77-11ec-a127-00163e08598c','Kalimantan Tengah','05dc1eb4-783f-4492-90da-04f43f73a19d','05dc1eb4-783f-4492-90da-04f43f73a19d','2022-05-05 06:26:48','2022-05-05 06:26:48'),('04584796-cc77-11ec-a127-00163e08598c','00546f36-cc77-11ec-a127-00163e08598c','Kalimantan Timur','05dc1eb4-783f-4492-90da-04f43f73a19d','05dc1eb4-783f-4492-90da-04f43f73a19d','2022-05-05 06:26:48','2022-05-05 06:26:48'),('0485e857-cc77-11ec-a127-00163e08598c','00546f36-cc77-11ec-a127-00163e08598c','Kalimantan Utara','05dc1eb4-783f-4492-90da-04f43f73a19d','05dc1eb4-783f-4492-90da-04f43f73a19d','2022-05-05 06:26:49','2022-05-05 06:26:49'),('04a3a9ef-cc77-11ec-a127-00163e08598c','00546f36-cc77-11ec-a127-00163e08598c','Kepulauan Bangka Belitung','05dc1eb4-783f-4492-90da-04f43f73a19d','05dc1eb4-783f-4492-90da-04f43f73a19d','2022-05-05 06:26:49','2022-05-05 06:26:49'),('04c53c2c-cc77-11ec-a127-00163e08598c','00546f36-cc77-11ec-a127-00163e08598c','Kepulauan Riau','05dc1eb4-783f-4492-90da-04f43f73a19d','05dc1eb4-783f-4492-90da-04f43f73a19d','2022-05-05 06:26:49','2022-05-05 06:26:49'),('04eb891b-cc77-11ec-a127-00163e08598c','00546f36-cc77-11ec-a127-00163e08598c','Lampung','05dc1eb4-783f-4492-90da-04f43f73a19d','05dc1eb4-783f-4492-90da-04f43f73a19d','2022-05-05 06:26:49','2022-05-05 06:26:49'),('0541e5a3-cc77-11ec-a127-00163e08598c','00546f36-cc77-11ec-a127-00163e08598c','Maluku','05dc1eb4-783f-4492-90da-04f43f73a19d','05dc1eb4-783f-4492-90da-04f43f73a19d','2022-05-05 06:26:50','2022-05-05 06:26:50'),('0575058f-cc77-11ec-a127-00163e08598c','00546f36-cc77-11ec-a127-00163e08598c','Maluku Utara','05dc1eb4-783f-4492-90da-04f43f73a19d','05dc1eb4-783f-4492-90da-04f43f73a19d','2022-05-05 06:26:50','2022-05-05 06:26:50'),('05a4038f-cc77-11ec-a127-00163e08598c','00546f36-cc77-11ec-a127-00163e08598c','Nusa Tenggara Barat','05dc1eb4-783f-4492-90da-04f43f73a19d','05dc1eb4-783f-4492-90da-04f43f73a19d','2022-05-05 06:26:50','2022-05-05 06:26:50'),('05d15662-cc77-11ec-a127-00163e08598c','00546f36-cc77-11ec-a127-00163e08598c','Nusa Tenggara Timur','05dc1eb4-783f-4492-90da-04f43f73a19d','05dc1eb4-783f-4492-90da-04f43f73a19d','2022-05-05 06:26:51','2022-05-05 06:26:51'),('062f5250-cc77-11ec-a127-00163e08598c','00546f36-cc77-11ec-a127-00163e08598c','Papua','05dc1eb4-783f-4492-90da-04f43f73a19d','05dc1eb4-783f-4492-90da-04f43f73a19d','2022-05-05 06:26:51','2022-05-05 06:26:51'),('06a435a0-cc77-11ec-a127-00163e08598c','00546f36-cc77-11ec-a127-00163e08598c','Papua Barat','05dc1eb4-783f-4492-90da-04f43f73a19d','05dc1eb4-783f-4492-90da-04f43f73a19d','2022-05-05 06:26:52','2022-05-05 06:26:52'),('06dd1f16-cc77-11ec-a127-00163e08598c','00546f36-cc77-11ec-a127-00163e08598c','Riau','05dc1eb4-783f-4492-90da-04f43f73a19d','05dc1eb4-783f-4492-90da-04f43f73a19d','2022-05-05 06:26:53','2022-05-05 06:26:53'),('071aeac5-cc77-11ec-a127-00163e08598c','00546f36-cc77-11ec-a127-00163e08598c','Sulawesi Barat','05dc1eb4-783f-4492-90da-04f43f73a19d','05dc1eb4-783f-4492-90da-04f43f73a19d','2022-05-05 06:26:53','2022-05-05 06:26:53'),('073ca56e-cc77-11ec-a127-00163e08598c','00546f36-cc77-11ec-a127-00163e08598c','Sulawesi Selatan','05dc1eb4-783f-4492-90da-04f43f73a19d','05dc1eb4-783f-4492-90da-04f43f73a19d','2022-05-05 06:26:53','2022-05-05 06:26:53'),('07b2e74c-cc77-11ec-a127-00163e08598c','00546f36-cc77-11ec-a127-00163e08598c','Sulawesi Tengah','05dc1eb4-783f-4492-90da-04f43f73a19d','05dc1eb4-783f-4492-90da-04f43f73a19d','2022-05-05 06:26:54','2022-05-05 06:26:54'),('07f4d0af-cc77-11ec-a127-00163e08598c','00546f36-cc77-11ec-a127-00163e08598c','Sulawesi Tenggara','05dc1eb4-783f-4492-90da-04f43f73a19d','05dc1eb4-783f-4492-90da-04f43f73a19d','2022-05-05 06:26:54','2022-05-05 06:26:54'),('083efcfa-cc77-11ec-a127-00163e08598c','00546f36-cc77-11ec-a127-00163e08598c','Sulawesi Utara','05dc1eb4-783f-4492-90da-04f43f73a19d','05dc1eb4-783f-4492-90da-04f43f73a19d','2022-05-05 06:26:55','2022-05-05 06:26:55'),('088116e4-cc77-11ec-a127-00163e08598c','00546f36-cc77-11ec-a127-00163e08598c','Sumatera Barat','05dc1eb4-783f-4492-90da-04f43f73a19d','05dc1eb4-783f-4492-90da-04f43f73a19d','2022-05-05 06:26:55','2022-05-05 06:26:55'),('08e33267-cc77-11ec-a127-00163e08598c','00546f36-cc77-11ec-a127-00163e08598c','Sumatera Selatan','05dc1eb4-783f-4492-90da-04f43f73a19d','05dc1eb4-783f-4492-90da-04f43f73a19d','2022-05-05 06:26:56','2022-05-05 06:26:56'),('092dab01-cc77-11ec-a127-00163e08598c','00546f36-cc77-11ec-a127-00163e08598c','Sumatera Utara','05dc1eb4-783f-4492-90da-04f43f73a19d','05dc1eb4-783f-4492-90da-04f43f73a19d','2022-05-05 06:26:56','2022-05-05 06:26:56');
/*!40000 ALTER TABLE `states` ENABLE KEYS */;
UNLOCK TABLES;

--
-- Table structure for table `url`
--

DROP TABLE IF EXISTS `url`;
/*!40101 SET @saved_cs_client     = @@character_set_client */;
/*!50503 SET character_set_client = utf8mb4 */;
CREATE TABLE `url` (
  `id` char(36) COLLATE utf8mb4_unicode_ci NOT NULL,
  `parent_id` char(36) COLLATE utf8mb4_unicode_ci DEFAULT NULL,
  `name` varchar(25) COLLATE utf8mb4_unicode_ci NOT NULL,
  `url` varchar(50) COLLATE utf8mb4_unicode_ci NOT NULL,
  `icon` text COLLATE utf8mb4_unicode_ci,
  `order` int(11) NOT NULL,
  `position` varchar(25) COLLATE utf8mb4_unicode_ci NOT NULL,
  `created_by` char(36) COLLATE utf8mb4_unicode_ci DEFAULT NULL,
  `updated_by` char(36) COLLATE utf8mb4_unicode_ci DEFAULT NULL,
  `created_at` timestamp NULL DEFAULT NULL,
  `updated_at` timestamp NULL DEFAULT NULL,
  PRIMARY KEY (`id`) USING BTREE,
  KEY `url_created_by_foreign` (`created_by`) USING BTREE,
  KEY `url_updated_by_foreign` (`updated_by`) USING BTREE
) ENGINE=InnoDB DEFAULT CHARSET=utf8mb4 COLLATE=utf8mb4_unicode_ci ROW_FORMAT=DYNAMIC;
/*!40101 SET character_set_client = @saved_cs_client */;

--
-- Dumping data for table `url`
--

LOCK TABLES `url` WRITE;
/*!40000 ALTER TABLE `url` DISABLE KEYS */;
INSERT INTO `url` VALUES ('01aadaef-5a46-414a-bd01-649d0401e00d',NULL,'Visa Request','visa-request','list',3,'menu utama','572003cd-0230-4534-b84d-eb2d9eab58a7',NULL,'2022-05-08 15:15:12','2022-05-08 15:15:12'),('0ed16ef3-1045-4385-a277-2da1b87ba763',NULL,'App Setting','app-settings','settings',1,'settings','572003cd-0230-4534-b84d-eb2d9eab58a7',NULL,'2022-04-14 17:12:50','2022-04-14 17:12:50'),('21b9d831-ca41-48e5-b992-94a447aa52f3',NULL,'My Visa','my-visa','file-text',1,'menu utama','572003cd-0230-4534-b84d-eb2d9eab58a7',NULL,'2022-04-30 15:26:04','2022-04-30 15:26:04'),('36211f55-49de-4f3a-975e-61068a7ad551',NULL,'Permissions','permissions','lock',3,'settings','572003cd-0230-4534-b84d-eb2d9eab58a7',NULL,'2022-04-14 17:14:40','2022-04-14 17:14:40'),('3d286e96-3a31-4c38-bf60-84e98c79922e',NULL,'Branches','branches','git-branch',4,'master','572003cd-0230-4534-b84d-eb2d9eab58a7',NULL,'2022-04-22 14:41:13','2022-04-22 14:41:13'),('a0c529a6-532f-4c84-98a5-9b789f658038',NULL,'Url','url','link',2,'settings','572003cd-0230-4534-b84d-eb2d9eab58a7',NULL,'2022-04-14 17:14:03','2022-04-14 17:14:03'),('a5827aa5-4e2d-488d-95c6-e31452f5da3c',NULL,'Roles','role','users',4,'settings','572003cd-0230-4534-b84d-eb2d9eab58a7',NULL,'2022-04-14 17:15:02','2022-04-14 17:15:02'),('aa63f5c1-4d2d-4da5-912e-06511ec0d251',NULL,'Customers','customers','users',8,'master','572003cd-0230-4534-b84d-eb2d9eab58a7',NULL,'2022-04-26 11:38:57','2022-04-26 11:38:57'),('b1a4a6af-11f6-408e-8af2-656bd7eba645',NULL,'Users','users','users',5,'settings','572003cd-0230-4534-b84d-eb2d9eab58a7',NULL,'2022-04-18 23:51:55','2022-04-18 23:51:55'),('c8202a21-fd6a-4853-89d3-788e19df0466',NULL,'Company Profile','company-profile','trello',5,'master','572003cd-0230-4534-b84d-eb2d9eab58a7',NULL,'2022-04-22 16:33:07','2022-04-22 16:33:07'),('c9f409df-ae83-4c12-98d8-7ea707db9c3b',NULL,'Parameters','parameters','list',6,'master','572003cd-0230-4534-b84d-eb2d9eab58a7',NULL,'2022-04-23 18:35:41','2022-04-23 18:35:41'),('cf2497d2-2d6d-4900-8e66-d9a4d5e06f97',NULL,'Visa','visa','list',9,'master','572003cd-0230-4534-b84d-eb2d9eab58a7','572003cd-0230-4534-b84d-eb2d9eab58a7','2022-04-26 13:44:14','2022-04-26 13:46:05'),('e12796b3-1b5a-4c8d-9e45-a535fe5a4081',NULL,'Cities','cities','map-pin',3,'master','572003cd-0230-4534-b84d-eb2d9eab58a7',NULL,'2022-04-21 15:11:12','2022-04-21 15:11:12'),('eb393149-840f-467c-a066-307a38509398',NULL,'States','states','map',2,'master','572003cd-0230-4534-b84d-eb2d9eab58a7',NULL,'2022-04-21 12:15:04','2022-04-21 12:15:04'),('efb1dbde-ae54-41b2-93d8-3723703799a4',NULL,'Countries','countries','flag',1,'master','572003cd-0230-4534-b84d-eb2d9eab58a7',NULL,'2022-04-21 09:29:37','2022-04-21 09:29:37'),('f6d0e243-d964-4aa5-ba4b-a3eb47105dc0',NULL,'Modules','modules','grid',7,'master','572003cd-0230-4534-b84d-eb2d9eab58a7',NULL,'2022-04-24 10:08:15','2022-04-24 10:08:15');
/*!40000 ALTER TABLE `url` ENABLE KEYS */;
UNLOCK TABLES;

--
-- Table structure for table `url_access`
--

DROP TABLE IF EXISTS `url_access`;
/*!40101 SET @saved_cs_client     = @@character_set_client */;
/*!50503 SET character_set_client = utf8mb4 */;
CREATE TABLE `url_access` (
  `id` char(36) COLLATE utf8mb4_unicode_ci NOT NULL,
  `url_id` char(36) COLLATE utf8mb4_unicode_ci NOT NULL,
  `role_id` char(36) COLLATE utf8mb4_unicode_ci NOT NULL,
  `created_by` char(36) COLLATE utf8mb4_unicode_ci DEFAULT NULL,
  `updated_by` char(36) COLLATE utf8mb4_unicode_ci DEFAULT NULL,
  `created_at` timestamp NULL DEFAULT NULL,
  `updated_at` timestamp NULL DEFAULT NULL,
  PRIMARY KEY (`id`) USING BTREE,
  KEY `url_access_created_by_foreign` (`created_by`) USING BTREE,
  KEY `url_access_updated_by_foreign` (`updated_by`) USING BTREE
) ENGINE=InnoDB DEFAULT CHARSET=utf8mb4 COLLATE=utf8mb4_unicode_ci ROW_FORMAT=DYNAMIC;
/*!40101 SET character_set_client = @saved_cs_client */;

--
-- Dumping data for table `url_access`
--

LOCK TABLES `url_access` WRITE;
/*!40000 ALTER TABLE `url_access` DISABLE KEYS */;
INSERT INTO `url_access` VALUES ('15a3bdd8-2adc-41ab-a18f-3719a211b925','b1a4a6af-11f6-408e-8af2-656bd7eba645','ab1658ed-af25-4864-b13d-d821e74d2a9c','572003cd-0230-4534-b84d-eb2d9eab58a7',NULL,'2022-05-08 15:15:48','2022-05-08 15:15:48'),('35a11b42-d1bb-47b5-a303-46edc2ffd8a0','eb393149-840f-467c-a066-307a38509398','ab1658ed-af25-4864-b13d-d821e74d2a9c','572003cd-0230-4534-b84d-eb2d9eab58a7',NULL,'2022-05-08 15:15:48','2022-05-08 15:15:48'),('3d3de01a-1f85-4784-9a24-5d4814b15c43','01aadaef-5a46-414a-bd01-649d0401e00d','ab1658ed-af25-4864-b13d-d821e74d2a9c','572003cd-0230-4534-b84d-eb2d9eab58a7',NULL,'2022-05-08 15:15:48','2022-05-08 15:15:48'),('44ec890d-bd71-4f0a-acae-2637d89fe216','a0c529a6-532f-4c84-98a5-9b789f658038','ab1658ed-af25-4864-b13d-d821e74d2a9c','572003cd-0230-4534-b84d-eb2d9eab58a7',NULL,'2022-05-08 15:15:48','2022-05-08 15:15:48'),('45120113-0bd1-482d-88b8-398195b1c618','efb1dbde-ae54-41b2-93d8-3723703799a4','ab1658ed-af25-4864-b13d-d821e74d2a9c','572003cd-0230-4534-b84d-eb2d9eab58a7',NULL,'2022-05-08 15:15:48','2022-05-08 15:15:48'),('77065018-e762-4689-a01b-5ec42a82d1c0','a5827aa5-4e2d-488d-95c6-e31452f5da3c','ab1658ed-af25-4864-b13d-d821e74d2a9c','572003cd-0230-4534-b84d-eb2d9eab58a7',NULL,'2022-05-08 15:15:48','2022-05-08 15:15:48'),('8341181b-a40e-4acb-bb5e-d85e64c5601b','cf2497d2-2d6d-4900-8e66-d9a4d5e06f97','ab1658ed-af25-4864-b13d-d821e74d2a9c','572003cd-0230-4534-b84d-eb2d9eab58a7',NULL,'2022-05-08 15:15:48','2022-05-08 15:15:48'),('9610d413-5532-431d-ba6a-d42a356fb8ce','3d286e96-3a31-4c38-bf60-84e98c79922e','ab1658ed-af25-4864-b13d-d821e74d2a9c','572003cd-0230-4534-b84d-eb2d9eab58a7',NULL,'2022-05-08 15:15:48','2022-05-08 15:15:48'),('9a8f0b27-3ba9-4a15-95ea-bd08e148fd75','e12796b3-1b5a-4c8d-9e45-a535fe5a4081','ab1658ed-af25-4864-b13d-d821e74d2a9c','572003cd-0230-4534-b84d-eb2d9eab58a7',NULL,'2022-05-08 15:15:48','2022-05-08 15:15:48'),('9e93858b-c1f0-4594-b3da-508153ab24e3','21b9d831-ca41-48e5-b992-94a447aa52f3','27af53a8-15d9-46fb-aee4-f287dbb711c5','572003cd-0230-4534-b84d-eb2d9eab58a7',NULL,'2022-04-30 15:27:00','2022-04-30 15:27:00'),('b5e063e9-f317-49f0-8e39-70faf66089ac','c8202a21-fd6a-4853-89d3-788e19df0466','ab1658ed-af25-4864-b13d-d821e74d2a9c','572003cd-0230-4534-b84d-eb2d9eab58a7',NULL,'2022-05-08 15:15:48','2022-05-08 15:15:48'),('b7a58cbe-3509-4270-b976-05034fe87385','0ed16ef3-1045-4385-a277-2da1b87ba763','ab1658ed-af25-4864-b13d-d821e74d2a9c','572003cd-0230-4534-b84d-eb2d9eab58a7',NULL,'2022-05-08 15:15:48','2022-05-08 15:15:48'),('c43b06fa-ba23-4572-a769-aa8006bf89ca','aa63f5c1-4d2d-4da5-912e-06511ec0d251','ab1658ed-af25-4864-b13d-d821e74d2a9c','572003cd-0230-4534-b84d-eb2d9eab58a7',NULL,'2022-05-08 15:15:48','2022-05-08 15:15:48'),('e23a8bcf-0ffb-4108-85ea-032981878a8f','21b9d831-ca41-48e5-b992-94a447aa52f3','ab1658ed-af25-4864-b13d-d821e74d2a9c','572003cd-0230-4534-b84d-eb2d9eab58a7',NULL,'2022-05-08 15:15:48','2022-05-08 15:15:48'),('eb5ad98d-594e-407c-aeba-b0a92d7d57b2','f6d0e243-d964-4aa5-ba4b-a3eb47105dc0','ab1658ed-af25-4864-b13d-d821e74d2a9c','572003cd-0230-4534-b84d-eb2d9eab58a7',NULL,'2022-05-08 15:15:48','2022-05-08 15:15:48'),('f3e67684-cb52-4b6c-a7f8-5c1e35537d41','36211f55-49de-4f3a-975e-61068a7ad551','ab1658ed-af25-4864-b13d-d821e74d2a9c','572003cd-0230-4534-b84d-eb2d9eab58a7',NULL,'2022-05-08 15:15:48','2022-05-08 15:15:48'),('fc386192-aa8b-4471-881e-d701cdf8eb52','c9f409df-ae83-4c12-98d8-7ea707db9c3b','ab1658ed-af25-4864-b13d-d821e74d2a9c','572003cd-0230-4534-b84d-eb2d9eab58a7',NULL,'2022-05-08 15:15:48','2022-05-08 15:15:48');
/*!40000 ALTER TABLE `url_access` ENABLE KEYS */;
UNLOCK TABLES;

--
-- Table structure for table `users`
--

DROP TABLE IF EXISTS `users`;
/*!40101 SET @saved_cs_client     = @@character_set_client */;
/*!50503 SET character_set_client = utf8mb4 */;
CREATE TABLE `users` (
  `id` char(36) COLLATE utf8mb4_unicode_ci NOT NULL,
  `name` varchar(50) COLLATE utf8mb4_unicode_ci DEFAULT NULL,
  `email` varchar(100) COLLATE utf8mb4_unicode_ci DEFAULT NULL,
  `email_verified_at` timestamp NULL DEFAULT NULL,
  `role_id` char(36) COLLATE utf8mb4_unicode_ci DEFAULT NULL,
  `password` varchar(255) COLLATE utf8mb4_unicode_ci NOT NULL,
  `remember_token` varchar(100) COLLATE utf8mb4_unicode_ci DEFAULT NULL,
  `created_by` char(36) COLLATE utf8mb4_unicode_ci DEFAULT NULL,
  `updated_by` char(36) COLLATE utf8mb4_unicode_ci DEFAULT NULL,
  `created_at` timestamp NULL DEFAULT NULL,
  `updated_at` timestamp NULL DEFAULT NULL,
  PRIMARY KEY (`id`) USING BTREE,
  UNIQUE KEY `users_email_unique` (`email`) USING BTREE,
  KEY `users_role_id_foreign` (`role_id`) USING BTREE
) ENGINE=InnoDB DEFAULT CHARSET=utf8mb4 COLLATE=utf8mb4_unicode_ci ROW_FORMAT=DYNAMIC;
/*!40101 SET character_set_client = @saved_cs_client */;

--
-- Dumping data for table `users`
--

LOCK TABLES `users` WRITE;
/*!40000 ALTER TABLE `users` DISABLE KEYS */;
INSERT INTO `users` VALUES ('05dc1eb4-783f-4492-90da-04f43f73a19d','Administrator','webdev@maxxsgroup.com','2022-04-24 18:02:25','ab1658ed-af25-4864-b13d-d821e74d2a9c','$2y$10$1oapwV3phhIHtobOs.7nh.v1/L6mb6XnpkAYcvnazYofGmuH9UZCa',NULL,NULL,NULL,'2022-04-14 15:20:05','2022-04-25 13:00:46'),('2a5a8e31-10b4-4af7-9792-ff934e6e34f2','Rizki Prasetya','rizki.prasetya@gmail.com','2022-05-09 23:49:10','27af53a8-15d9-46fb-aee4-f287dbb711c5','$2y$10$1oapwV3phhIHtobOs.7nh.v1/L6mb6XnpkAYcvnazYofGmuH9UZCa',NULL,NULL,'2a5a8e31-10b4-4af7-9792-ff934e6e34f2','2022-05-09 23:48:54','2022-05-09 23:49:10'),('572003cd-0230-4534-b84d-eb2d9eab58a7','Tengku Firmansyah','tengkufirmansyah2@gmail.com','2022-04-24 18:02:25','ab1658ed-af25-4864-b13d-d821e74d2a9c','$2y$10$7bO9qFCNx8fXnwgM1whduuB9eyYQDFRQJXxwB8RtsYq2NE40ZpMTK','YeHrF22Zd8O6tjOogysGU2bSp7ulLQU6wagywsBuoZeARgb22bHke3JGSayH',NULL,'572003cd-0230-4534-b84d-eb2d9eab58a7','2022-04-14 15:41:34','2022-04-25 16:07:24');
/*!40000 ALTER TABLE `users` ENABLE KEYS */;
UNLOCK TABLES;

--
-- Table structure for table `visa`
--

DROP TABLE IF EXISTS `visa`;
/*!40101 SET @saved_cs_client     = @@character_set_client */;
/*!50503 SET character_set_client = utf8mb4 */;
CREATE TABLE `visa` (
  `id` char(36) COLLATE utf8mb4_unicode_ci NOT NULL,
  `name` varchar(50) COLLATE utf8mb4_unicode_ci NOT NULL,
  `type` varchar(50) COLLATE utf8mb4_unicode_ci NOT NULL,
  `description` text COLLATE utf8mb4_unicode_ci NOT NULL,
  `created_by` char(36) COLLATE utf8mb4_unicode_ci DEFAULT NULL,
  `updated_by` char(36) COLLATE utf8mb4_unicode_ci DEFAULT NULL,
  `created_at` timestamp NULL DEFAULT NULL,
  `updated_at` timestamp NULL DEFAULT NULL,
  PRIMARY KEY (`id`) USING BTREE
) ENGINE=InnoDB DEFAULT CHARSET=utf8mb4 COLLATE=utf8mb4_unicode_ci ROW_FORMAT=DYNAMIC;
/*!40101 SET character_set_client = @saved_cs_client */;

--
-- Dumping data for table `visa`
--

LOCK TABLES `visa` WRITE;
/*!40000 ALTER TABLE `visa` DISABLE KEYS */;
INSERT INTO `visa` VALUES ('127b27fb-57c4-4495-ae4b-f4c09f307fc5','Visa Social','social','Description Visa Social','572003cd-0230-4534-b84d-eb2d9eab58a7',NULL,'2022-04-26 13:52:07','2022-04-26 13:52:07');
/*!40000 ALTER TABLE `visa` ENABLE KEYS */;
UNLOCK TABLES;

--
-- Table structure for table `visa_request`
--

DROP TABLE IF EXISTS `visa_request`;
/*!40101 SET @saved_cs_client     = @@character_set_client */;
/*!50503 SET character_set_client = utf8mb4 */;
CREATE TABLE `visa_request` (
  `id` char(36) COLLATE utf8mb4_unicode_ci NOT NULL,
  `visa_id` char(36) COLLATE utf8mb4_unicode_ci NOT NULL,
  `code` varchar(20) COLLATE utf8mb4_unicode_ci NOT NULL,
  `name` varchar(50) COLLATE utf8mb4_unicode_ci NOT NULL,
  `type` varchar(50) COLLATE utf8mb4_unicode_ci NOT NULL,
  `description` text COLLATE utf8mb4_unicode_ci NOT NULL,
  `note` text COLLATE utf8mb4_unicode_ci NOT NULL,
  `user_id` char(36) COLLATE utf8mb4_unicode_ci NOT NULL,
  `status` enum('New Request','On Progres','Complete','Cancel') COLLATE utf8mb4_unicode_ci NOT NULL DEFAULT 'New Request',
  `created_by` char(36) COLLATE utf8mb4_unicode_ci DEFAULT NULL,
  `updated_by` char(36) COLLATE utf8mb4_unicode_ci DEFAULT NULL,
  `created_at` timestamp NULL DEFAULT NULL,
  `updated_at` timestamp NULL DEFAULT NULL,
  PRIMARY KEY (`id`) USING BTREE
) ENGINE=InnoDB DEFAULT CHARSET=utf8mb4 COLLATE=utf8mb4_unicode_ci ROW_FORMAT=DYNAMIC;
/*!40101 SET character_set_client = @saved_cs_client */;

--
-- Dumping data for table `visa_request`
--

LOCK TABLES `visa_request` WRITE;
/*!40000 ALTER TABLE `visa_request` DISABLE KEYS */;
INSERT INTO `visa_request` VALUES ('c578389b-f22a-43e7-97cd-dc65bdd4cb05','127b27fb-57c4-4495-ae4b-f4c09f307fc5','V-R-2022-00001','Visa Social','social','Description Visa Social','Test Visa','05dc1eb4-783f-4492-90da-04f43f73a19d','New Request','05dc1eb4-783f-4492-90da-04f43f73a19d',NULL,'2022-04-30 18:56:29','2022-04-30 18:56:29');
/*!40000 ALTER TABLE `visa_request` ENABLE KEYS */;
UNLOCK TABLES;

--
-- Table structure for table `visa_request_form`
--

DROP TABLE IF EXISTS `visa_request_form`;
/*!40101 SET @saved_cs_client     = @@character_set_client */;
/*!50503 SET character_set_client = utf8mb4 */;
CREATE TABLE `visa_request_form` (
  `id` char(36) COLLATE utf8mb4_unicode_ci NOT NULL,
  `visa_request_id` char(36) COLLATE utf8mb4_unicode_ci NOT NULL,
  `name` varchar(50) COLLATE utf8mb4_unicode_ci NOT NULL,
  `slug` varchar(50) COLLATE utf8mb4_unicode_ci NOT NULL,
  `type` varchar(50) COLLATE utf8mb4_unicode_ci NOT NULL,
  `required` tinyint(1) NOT NULL,
  `data` text COLLATE utf8mb4_unicode_ci,
  `status` enum('Pending','Revision','Success','Failed') COLLATE utf8mb4_unicode_ci NOT NULL DEFAULT 'Pending',
  `created_by` char(36) COLLATE utf8mb4_unicode_ci DEFAULT NULL,
  `updated_by` char(36) COLLATE utf8mb4_unicode_ci DEFAULT NULL,
  `created_at` timestamp NULL DEFAULT NULL,
  `updated_at` timestamp NULL DEFAULT NULL,
  PRIMARY KEY (`id`) USING BTREE
) ENGINE=InnoDB DEFAULT CHARSET=utf8mb4 COLLATE=utf8mb4_unicode_ci ROW_FORMAT=DYNAMIC;
/*!40101 SET character_set_client = @saved_cs_client */;

--
-- Dumping data for table `visa_request_form`
--

LOCK TABLES `visa_request_form` WRITE;
/*!40000 ALTER TABLE `visa_request_form` DISABLE KEYS */;
INSERT INTO `visa_request_form` VALUES ('3220eac2-e15f-42e1-a51b-9d5973c6d493','c578389b-f22a-43e7-97cd-dc65bdd4cb05','Vaccine','vaccine','file',1,'visa.local/storage/request-visa/200197333_1651746822.png','Pending','05dc1eb4-783f-4492-90da-04f43f73a19d',NULL,'2022-05-04 19:33:42','2022-05-04 19:33:42'),('7bbb11fe-1da5-47d1-abe2-7778213f871f','c578389b-f22a-43e7-97cd-dc65bdd4cb05','Age','age','text',1,'Test','Pending','05dc1eb4-783f-4492-90da-04f43f73a19d',NULL,'2022-05-04 19:33:42','2022-05-04 19:33:42'),('b05e6fe5-22bc-40c6-ae22-a29967de7008','c578389b-f22a-43e7-97cd-dc65bdd4cb05','Photo','photo','file',1,'visa.local/storage/request-visa/79134597_543757409781368_168803690885414912_n_1651746822.jpg','Pending','05dc1eb4-783f-4492-90da-04f43f73a19d',NULL,'2022-05-04 19:33:42','2022-05-04 19:33:42'),('c52d656d-83b8-4c1a-9556-32ba1e8aadb0','c578389b-f22a-43e7-97cd-dc65bdd4cb05','Savings','savings','file',1,'visa.local/storage/request-visa/871366_1651746822.png','Pending','05dc1eb4-783f-4492-90da-04f43f73a19d',NULL,'2022-05-04 19:33:42','2022-05-04 19:33:42'),('fc23d31b-078f-4053-bb74-a19e6eecf0e8','c578389b-f22a-43e7-97cd-dc65bdd4cb05','Sim','sim','file',0,'visa.local/storage/request-visa/871366_1652073653.png','Pending','05dc1eb4-783f-4492-90da-04f43f73a19d','05dc1eb4-783f-4492-90da-04f43f73a19d','2022-05-04 19:33:42','2022-05-08 14:20:54');
/*!40000 ALTER TABLE `visa_request_form` ENABLE KEYS */;
UNLOCK TABLES;
/*!40103 SET TIME_ZONE=@OLD_TIME_ZONE */;

/*!40101 SET SQL_MODE=@OLD_SQL_MODE */;
/*!40014 SET FOREIGN_KEY_CHECKS=@OLD_FOREIGN_KEY_CHECKS */;
/*!40014 SET UNIQUE_CHECKS=@OLD_UNIQUE_CHECKS */;
/*!40101 SET CHARACTER_SET_CLIENT=@OLD_CHARACTER_SET_CLIENT */;
/*!40101 SET CHARACTER_SET_RESULTS=@OLD_CHARACTER_SET_RESULTS */;
/*!40101 SET COLLATION_CONNECTION=@OLD_COLLATION_CONNECTION */;
/*!40111 SET SQL_NOTES=@OLD_SQL_NOTES */;

-- Dump completed on 2022-05-10 15:59:08
